분류,플러그인명,한 줄 설명,사용 상황,주요 기능,대표 스킬,계정 연결,비용/플랜,주의사항
Business & Operations,Actively,"Actively을(를) 활용해 CRM, 영업 파이프라인, 계정/리드 조사, GTM 업무을(를) Codex에서 처리하는 플러그인입니다.","CRM, 영업 파이프라인, 계정/리드 조사, GTM 업무이(가) 필요한 작업에서 Actively 데이터나 기능을 불러오거나 결과물을 만들 때 사용합니다.",조회/검색/요약 중심. 내부 스킬 설명서가 없거나 커넥터 중심으로 동작.,없음,필요 가능성 높음,확인 필요,필요 가능성 높음; 외부 서비스 인증 또는 권한 확인 필요. 비용/플랜: 무료/유료 여부는 메타데이터만으로 단정 불가. 외부 앱/커넥터 인증이 필요할 수 있음 / 내부 스킬 설명서 없음
Business & Operations,Apollo,"Apollo을(를) 활용해 CRM, 영업 파이프라인, 계정/리드 조사, GTM 업무을(를) Codex에서 처리하는 플러그인입니다.","CRM, 영업 파이프라인, 계정/리드 조사, GTM 업무이(가) 필요한 작업에서 Apollo 데이터나 기능을 불러오거나 결과물을 만들 때 사용합니다.",조회/검색/요약 중심. 내부 스킬 설명서가 없거나 커넥터 중심으로 동작.,없음,필요 가능성 높음,확인 필요,필요 가능성 높음; 외부 서비스 인증 또는 권한 확인 필요. 비용/플랜: 무료/유료 여부는 메타데이터만으로 단정 불가. 외부 앱/커넥터 인증이 필요할 수 있음 / 내부 스킬 설명서 없음
Business & Operations,Attio,"Attio을(를) 활용해 CRM, 영업 파이프라인, 계정/리드 조사, GTM 업무을(를) Codex에서 처리하는 플러그인입니다.","CRM, 영업 파이프라인, 계정/리드 조사, GTM 업무이(가) 필요한 작업에서 Attio 데이터나 기능을 불러오거나 결과물을 만들 때 사용합니다.","작성/수정/생성, 빌드/실행/배포 중심. 내부 스킬 설명서가 없거나 커넥터 중심으로 동작.",없음,필요 가능성 높음,확인 필요,필요 가능성 높음; 외부 서비스 인증 또는 권한 확인 필요. 비용/플랜: 무료/유료 여부는 메타데이터만으로 단정 불가. 외부 앱/커넥터 인증이 필요할 수 있음 / 내부 스킬 설명서 없음
Business & Operations,Carta CRM,"Carta CRM을(를) 활용해 CRM, 영업 파이프라인, 계정/리드 조사, GTM 업무을(를) Codex에서 처리하는 플러그인입니다.","CRM, 영업 파이프라인, 계정/리드 조사, GTM 업무이(가) 필요한 작업에서 Carta CRM 데이터나 기능을 불러오거나 결과물을 만들 때 사용합니다.",빌드/실행/배포 중심. 내부 스킬 설명서가 없거나 커넥터 중심으로 동작.,없음,필요 가능성 높음,확인 필요,필요 가능성 높음; 외부 서비스 인증 또는 권한 확인 필요. 비용/플랜: 무료/유료 여부는 메타데이터만으로 단정 불가. 외부 앱/커넥터 인증이 필요할 수 있음 / 내부 스킬 설명서 없음
Business & Operations,Clay,"Clay을(를) 활용해 CRM, 영업 파이프라인, 계정/리드 조사, GTM 업무을(를) Codex에서 처리하는 플러그인입니다.","CRM, 영업 파이프라인, 계정/리드 조사, GTM 업무이(가) 필요한 작업에서 Clay 데이터나 기능을 불러오거나 결과물을 만들 때 사용합니다.",조회/검색/요약 중심. 내부 스킬 설명서가 없거나 커넥터 중심으로 동작.,없음,필요 가능성 높음,확인 필요,필요 가능성 높음; 외부 서비스 인증 또는 권한 확인 필요. 비용/플랜: 무료/유료 여부는 메타데이터만으로 단정 불가. 외부 앱/커넥터 인증이 필요할 수 있음 / 내부 스킬 설명서 없음
Business & Operations,Close,"Close을(를) 활용해 CRM, 영업 파이프라인, 계정/리드 조사, GTM 업무을(를) Codex에서 처리하는 플러그인입니다.","CRM, 영업 파이프라인, 계정/리드 조사, GTM 업무이(가) 필요한 작업에서 Close 데이터나 기능을 불러오거나 결과물을 만들 때 사용합니다.",조회/검색/요약 중심. 내부 스킬 설명서가 없거나 커넥터 중심으로 동작.,없음,필요 가능성 높음,확인 필요,필요 가능성 높음; 외부 서비스 인증 또는 권한 확인 필요. 비용/플랜: 무료/유료 여부는 메타데이터만으로 단정 불가. 외부 앱/커넥터 인증이 필요할 수 있음 / 내부 스킬 설명서 없음
Business & Operations,Demandbase,"Demandbase을(를) 활용해 CRM, 영업 파이프라인, 계정/리드 조사, GTM 업무을(를) Codex에서 처리하는 플러그인입니다.","CRM, 영업 파이프라인, 계정/리드 조사, GTM 업무이(가) 필요한 작업에서 Demandbase 데이터나 기능을 불러오거나 결과물을 만들 때 사용합니다.",작업 보조 중심. 내부 스킬 설명서가 없거나 커넥터 중심으로 동작.,없음,필요 가능성 높음,확인 필요,필요 가능성 높음; 외부 서비스 인증 또는 권한 확인 필요. 비용/플랜: 무료/유료 여부는 메타데이터만으로 단정 불가. 외부 앱/커넥터 인증이 필요할 수 있음 / 내부 스킬 설명서 없음
Business & Operations,Hebbia,"Hebbia을(를) 활용해 CRM, 영업 파이프라인, 계정/리드 조사, GTM 업무을(를) Codex에서 처리하는 플러그인입니다.","CRM, 영업 파이프라인, 계정/리드 조사, GTM 업무이(가) 필요한 작업에서 Hebbia 데이터나 기능을 불러오거나 결과물을 만들 때 사용합니다.",조회/검색/요약 중심. 내부 스킬 설명서가 없거나 커넥터 중심으로 동작.,없음,필요 가능성 높음,확인 필요,필요 가능성 높음; 외부 서비스 인증 또는 권한 확인 필요. 비용/플랜: 무료/유료 여부는 메타데이터만으로 단정 불가. 외부 앱/커넥터 인증이 필요할 수 있음 / 내부 스킬 설명서 없음
Business & Operations,HubSpot,"HubSpot을(를) 활용해 CRM, 영업 파이프라인, 계정/리드 조사, GTM 업무을(를) Codex에서 처리하는 플러그인입니다.","CRM, 영업 파이프라인, 계정/리드 조사, GTM 업무이(가) 필요한 작업에서 HubSpot 데이터나 기능을 불러오거나 결과물을 만들 때 사용합니다.","조회/검색/요약, 작성/수정/생성, 상호작용/화면 조작 중심. 대표 스킬: hubspot, hubspot-crm-data-hygiene, hubspot-customer-prep, hubspot-pipeline-health.","hubspot, hubspot-crm-data-hygiene, hubspot-customer-prep, hubspot-pipeline-health",필요 가능성 높음,확인 필요,필요 가능성 높음; 외부 서비스 인증 또는 권한 확인 필요. 비용/플랜: 무료/유료 여부는 메타데이터만으로 단정 불가. 외부 앱/커넥터 인증이 필요할 수 있음
Business & Operations,Intercom,"Intercom을(를) 활용해 CRM, 영업 파이프라인, 계정/리드 조사, GTM 업무을(를) Codex에서 처리하는 플러그인입니다.","CRM, 영업 파이프라인, 계정/리드 조사, GTM 업무이(가) 필요한 작업에서 Intercom 데이터나 기능을 불러오거나 결과물을 만들 때 사용합니다.",조회/검색/요약 중심. 내부 스킬 설명서가 없거나 커넥터 중심으로 동작.,없음,필요 가능성 높음,확인 필요,필요 가능성 높음; 외부 서비스 인증 또는 권한 확인 필요. 비용/플랜: 무료/유료 여부는 메타데이터만으로 단정 불가. 외부 앱/커넥터 인증이 필요할 수 있음 / 내부 스킬 설명서 없음
Business & Operations,Outreach,"Outreach을(를) 활용해 CRM, 영업 파이프라인, 계정/리드 조사, GTM 업무을(를) Codex에서 처리하는 플러그인입니다.","CRM, 영업 파이프라인, 계정/리드 조사, GTM 업무이(가) 필요한 작업에서 Outreach 데이터나 기능을 불러오거나 결과물을 만들 때 사용합니다.",조회/검색/요약 중심. 내부 스킬 설명서가 없거나 커넥터 중심으로 동작.,없음,필요 가능성 높음,확인 필요,필요 가능성 높음; 외부 서비스 인증 또는 권한 확인 필요. 비용/플랜: 무료/유료 여부는 메타데이터만으로 단정 불가. 외부 앱/커넥터 인증이 필요할 수 있음 / 내부 스킬 설명서 없음
Business & Operations,Pipedrive,"Pipedrive을(를) 활용해 CRM, 영업 파이프라인, 계정/리드 조사, GTM 업무을(를) Codex에서 처리하는 플러그인입니다.","CRM, 영업 파이프라인, 계정/리드 조사, GTM 업무이(가) 필요한 작업에서 Pipedrive 데이터나 기능을 불러오거나 결과물을 만들 때 사용합니다.",빌드/실행/배포 중심. 내부 스킬 설명서가 없거나 커넥터 중심으로 동작.,없음,필요 가능성 높음,확인 필요,필요 가능성 높음; 외부 서비스 인증 또는 권한 확인 필요. 비용/플랜: 무료/유료 여부는 메타데이터만으로 단정 불가. 외부 앱/커넥터 인증이 필요할 수 있음 / 내부 스킬 설명서 없음
Business & Operations,Sales,"Sales을(를) 활용해 CRM, 영업 파이프라인, 계정/리드 조사, GTM 업무, 일정 확인, 미팅 요약, 가용 시간 탐색을(를) Codex에서 처리하는 플러그인입니다.","CRM, 영업 파이프라인, 계정/리드 조사, GTM 업무, 일정 확인, 미팅 요약, 가용 시간 탐색이(가) 필요한 작업에서 Sales 데이터나 기능을 불러오거나 결과물을 만들 때 사용합니다.","조회/검색/요약, 작성/수정/생성, 상호작용/화면 조작 중심. 대표 스킬: analyze-account-signals, apollo, build-business-case, build-competitive-brief, enrich-company-and-contact-data.","analyze-account-signals, apollo, build-business-case, build-competitive-brief, enrich-company-and-contact-data",필요 가능성 높음,확인 필요,필요 가능성 높음; 외부 서비스 인증 또는 권한 확인 필요. 비용/플랜: 무료/유료 여부는 메타데이터만으로 단정 불가. 외부 앱/커넥터 인증이 필요할 수 있음
Business & Operations,Streak,"Streak을(를) 활용해 CRM, 영업 파이프라인, 계정/리드 조사, GTM 업무, 메일 검색, 답장 초안 작성, 수신함 정리을(를) Codex에서 처리하는 플러그인입니다.","CRM, 영업 파이프라인, 계정/리드 조사, GTM 업무, 메일 검색, 답장 초안 작성, 수신함 정리이(가) 필요한 작업에서 Streak 데이터나 기능을 불러오거나 결과물을 만들 때 사용합니다.",작업 보조 중심. 내부 스킬 설명서가 없거나 커넥터 중심으로 동작.,없음,필요 가능성 높음,확인 필요,필요 가능성 높음; 외부 서비스 인증 또는 권한 확인 필요. 비용/플랜: 무료/유료 여부는 메타데이터만으로 단정 불가. 외부 앱/커넥터 인증이 필요할 수 있음 / 내부 스킬 설명서 없음
Business & Operations,Zoho,"Zoho을(를) 활용해 CRM, 영업 파이프라인, 계정/리드 조사, GTM 업무을(를) Codex에서 처리하는 플러그인입니다.","CRM, 영업 파이프라인, 계정/리드 조사, GTM 업무이(가) 필요한 작업에서 Zoho 데이터나 기능을 불러오거나 결과물을 만들 때 사용합니다.",조회/검색/요약 중심. 내부 스킬 설명서가 없거나 커넥터 중심으로 동작.,없음,필요 가능성 높음,확인 필요,필요 가능성 높음; 외부 서비스 인증 또는 권한 확인 필요. 비용/플랜: 무료/유료 여부는 메타데이터만으로 단정 불가. 외부 앱/커넥터 인증이 필요할 수 있음 / 내부 스킬 설명서 없음
Business & Operations,ZoomInfo,"ZoomInfo을(를) 활용해 CRM, 영업 파이프라인, 계정/리드 조사, GTM 업무을(를) Codex에서 처리하는 플러그인입니다.","CRM, 영업 파이프라인, 계정/리드 조사, GTM 업무이(가) 필요한 작업에서 ZoomInfo 데이터나 기능을 불러오거나 결과물을 만들 때 사용합니다.",작업 보조 중심. 내부 스킬 설명서가 없거나 커넥터 중심으로 동작.,없음,필요 가능성 높음,확인 필요,필요 가능성 높음; 외부 서비스 인증 또는 권한 확인 필요. 비용/플랜: 무료/유료 여부는 메타데이터만으로 단정 불가. 외부 앱/커넥터 인증이 필요할 수 있음 / 내부 스킬 설명서 없음
Communication,Circleback,"Circleback을(를) 활용해 일정 확인, 미팅 요약, 가용 시간 탐색, 코드 저장소, 배포, 데이터베이스, 개발 워크플로을(를) Codex에서 처리하는 플러그인입니다.","일정 확인, 미팅 요약, 가용 시간 탐색, 코드 저장소, 배포, 데이터베이스, 개발 워크플로이(가) 필요한 작업에서 Circleback 데이터나 기능을 불러오거나 결과물을 만들 때 사용합니다.",작업 보조 중심. 내부 스킬 설명서가 없거나 커넥터 중심으로 동작.,없음,필요 가능성 높음,확인 필요,필요 가능성 높음; 외부 서비스 인증 또는 권한 확인 필요. 비용/플랜: 무료/유료 여부는 메타데이터만으로 단정 불가. 외부 앱/커넥터 인증이 필요할 수 있음 / 내부 스킬 설명서 없음
Communication,Fireflies,"Fireflies을(를) 활용해 일정 확인, 미팅 요약, 가용 시간 탐색, 앱/웹/게임 개발 및 실행 환경 구성을(를) Codex에서 처리하는 플러그인입니다.","일정 확인, 미팅 요약, 가용 시간 탐색, 앱/웹/게임 개발 및 실행 환경 구성이(가) 필요한 작업에서 Fireflies 데이터나 기능을 불러오거나 결과물을 만들 때 사용합니다.",조회/검색/요약 중심. 내부 스킬 설명서가 없거나 커넥터 중심으로 동작.,없음,필요 가능성 높음,확인 필요,필요 가능성 높음; 외부 서비스 인증 또는 권한 확인 필요. 비용/플랜: 무료/유료 여부는 메타데이터만으로 단정 불가. 외부 앱/커넥터 인증이 필요할 수 있음 / 내부 스킬 설명서 없음
Communication,Fyxer,"Fyxer을(를) 활용해 메일 검색, 답장 초안 작성, 수신함 정리, 일정 확인, 미팅 요약, 가용 시간 탐색을(를) Codex에서 처리하는 플러그인입니다.","메일 검색, 답장 초안 작성, 수신함 정리, 일정 확인, 미팅 요약, 가용 시간 탐색이(가) 필요한 작업에서 Fyxer 데이터나 기능을 불러오거나 결과물을 만들 때 사용합니다.",작성/수정/생성 중심. 내부 스킬 설명서가 없거나 커넥터 중심으로 동작.,없음,필요 가능성 높음,확인 필요,필요 가능성 높음; 외부 서비스 인증 또는 권한 확인 필요. 비용/플랜: 무료/유료 여부는 메타데이터만으로 단정 불가. 외부 앱/커넥터 인증이 필요할 수 있음 / 내부 스킬 설명서 없음
Communication,Gmail,"Gmail을(를) 활용해 메일 검색, 답장 초안 작성, 수신함 정리을(를) Codex에서 처리하는 플러그인입니다.","메일 검색, 답장 초안 작성, 수신함 정리이(가) 필요한 작업에서 Gmail 데이터나 기능을 불러오거나 결과물을 만들 때 사용합니다.","조회/검색/요약, 작성/수정/생성, 상호작용/화면 조작 중심. 대표 스킬: gmail, gmail-inbox-triage.","gmail, gmail-inbox-triage",필요 가능성 높음,확인 필요,필요 가능성 높음; 외부 서비스 인증 또는 권한 확인 필요. 비용/플랜: 무료/유료 여부는 메타데이터만으로 단정 불가. 외부 앱/커넥터 인증이 필요할 수 있음
Communication,Granola,"Granola을(를) 활용해 CRM, 영업 파이프라인, 계정/리드 조사, GTM 업무, 일정 확인, 미팅 요약, 가용 시간 탐색을(를) Codex에서 처리하는 플러그인입니다.","CRM, 영업 파이프라인, 계정/리드 조사, GTM 업무, 일정 확인, 미팅 요약, 가용 시간 탐색이(가) 필요한 작업에서 Granola 데이터나 기능을 불러오거나 결과물을 만들 때 사용합니다.",조회/검색/요약 중심. 내부 스킬 설명서가 없거나 커넥터 중심으로 동작.,없음,필요 가능성 높음,확인 필요,필요 가능성 높음; 외부 서비스 인증 또는 권한 확인 필요. 비용/플랜: 무료/유료 여부는 메타데이터만으로 단정 불가. 외부 앱/커넥터 인증이 필요할 수 있음 / 내부 스킬 설명서 없음
Communication,Otter.ai,"Otter.ai을(를) 활용해 일정 확인, 미팅 요약, 가용 시간 탐색을(를) Codex에서 처리하는 플러그인입니다.","일정 확인, 미팅 요약, 가용 시간 탐색이(가) 필요한 작업에서 Otter.ai 데이터나 기능을 불러오거나 결과물을 만들 때 사용합니다.",조회/검색/요약 중심. 내부 스킬 설명서가 없거나 커넥터 중심으로 동작.,없음,필요 가능성 높음,확인 필요,필요 가능성 높음; 외부 서비스 인증 또는 권한 확인 필요. 비용/플랜: 무료/유료 여부는 메타데이터만으로 단정 불가. 외부 앱/커넥터 인증이 필요할 수 있음 / 내부 스킬 설명서 없음
Communication,Outlook Email,"Outlook Email을(를) 활용해 메일 검색, 답장 초안 작성, 수신함 정리을(를) Codex에서 처리하는 플러그인입니다.","메일 검색, 답장 초안 작성, 수신함 정리이(가) 필요한 작업에서 Outlook Email 데이터나 기능을 불러오거나 결과물을 만들 때 사용합니다.","조회/검색/요약, 작성/수정/생성, 상호작용/화면 조작 중심. 대표 스킬: outlook-email, outlook-email-inbox-triage, outlook-email-reply-drafting, outlook-email-shared-mailboxes, outlook-email-subscription-cleanup.","outlook-email, outlook-email-inbox-triage, outlook-email-reply-drafting, outlook-email-shared-mailboxes, outlook-email-subscription-cleanup",필요 가능성 높음,확인 필요,필요 가능성 높음; 외부 서비스 인증 또는 권한 확인 필요. 비용/플랜: 무료/유료 여부는 메타데이터만으로 단정 불가. 외부 앱/커넥터 인증이 필요할 수 있음
Communication,Read AI,"Read AI을(를) 활용해 일정 확인, 미팅 요약, 가용 시간 탐색을(를) Codex에서 처리하는 플러그인입니다.","일정 확인, 미팅 요약, 가용 시간 탐색이(가) 필요한 작업에서 Read AI 데이터나 기능을 불러오거나 결과물을 만들 때 사용합니다.","조회/검색/요약, 빌드/실행/배포 중심. 내부 스킬 설명서가 없거나 커넥터 중심으로 동작.",없음,필요 가능성 높음,확인 필요,필요 가능성 높음; 외부 서비스 인증 또는 권한 확인 필요. 비용/플랜: 무료/유료 여부는 메타데이터만으로 단정 불가. 외부 앱/커넥터 인증이 필요할 수 있음 / 내부 스킬 설명서 없음
Communication,Slack,Slack을(를) 활용해 커뮤니케이션을(를) Codex에서 처리하는 플러그인입니다.,커뮤니케이션이(가) 필요한 작업에서 Slack 데이터나 기능을 불러오거나 결과물을 만들 때 사용합니다.,"조회/검색/요약, 작성/수정/생성, 상호작용/화면 조작 중심. 대표 스킬: slack, slack-channel-summarization, slack-daily-digest, slack-notification-triage, slack-outgoing-message.","slack, slack-channel-summarization, slack-daily-digest, slack-notification-triage, slack-outgoing-message",필요 가능성 높음,확인 필요,필요 가능성 높음; 외부 서비스 인증 또는 권한 확인 필요. 비용/플랜: 무료/유료 여부는 메타데이터만으로 단정 불가. 외부 앱/커넥터 인증이 필요할 수 있음
Communication,Superhuman Mail,"Superhuman Mail을(를) 활용해 CRM, 영업 파이프라인, 계정/리드 조사, GTM 업무, 메일 검색, 답장 초안 작성, 수신함 정리을(를) Codex에서 처리하는 플러그인입니다.","CRM, 영업 파이프라인, 계정/리드 조사, GTM 업무, 메일 검색, 답장 초안 작성, 수신함 정리이(가) 필요한 작업에서 Superhuman Mail 데이터나 기능을 불러오거나 결과물을 만들 때 사용합니다.","조회/검색/요약, 작성/수정/생성, 상호작용/화면 조작 중심. 대표 스킬: batch-draft-writer, deal-tracker, eod-wrapup, meeting-scheduler, morning-briefing.","batch-draft-writer, deal-tracker, eod-wrapup, meeting-scheduler, morning-briefing",필요 가능성 높음,확인 필요,필요 가능성 높음; 외부 서비스 인증 또는 권한 확인 필요. 비용/플랜: 무료/유료 여부는 메타데이터만으로 단정 불가. 외부 앱/커넥터 인증이 필요할 수 있음
Communication,Teams,Teams을(를) 활용해 커뮤니케이션을(를) Codex에서 처리하는 플러그인입니다.,커뮤니케이션이(가) 필요한 작업에서 Teams 데이터나 기능을 불러오거나 결과물을 만들 때 사용합니다.,"조회/검색/요약, 작성/수정/생성, 상호작용/화면 조작 중심. 대표 스킬: teams, teams-channel-summarization, teams-daily-digest, teams-messages, teams-notification-triage.","teams, teams-channel-summarization, teams-daily-digest, teams-messages, teams-notification-triage",필요 가능성 높음,확인 필요,필요 가능성 높음; 외부 서비스 인증 또는 권한 확인 필요. 비용/플랜: 무료/유료 여부는 메타데이터만으로 단정 불가. 외부 앱/커넥터 인증이 필요할 수 있음
Communication,Zoom,"Zoom을(를) 활용해 CRM, 영업 파이프라인, 계정/리드 조사, GTM 업무, 일정 확인, 미팅 요약, 가용 시간 탐색을(를) Codex에서 처리하는 플러그인입니다.","CRM, 영업 파이프라인, 계정/리드 조사, GTM 업무, 일정 확인, 미팅 요약, 가용 시간 탐색이(가) 필요한 작업에서 Zoom 데이터나 기능을 불러오거나 결과물을 만들 때 사용합니다.","조회/검색/요약, 작성/수정/생성, 빌드/실행/배포, 상호작용/화면 조작 중심. 대표 스킬: build-zoom-bot, build-zoom-contact-center-app, build-zoom-meeting-app, build-zoom-meeting-sdk-app, build-zoom-phone-integration.","build-zoom-bot, build-zoom-contact-center-app, build-zoom-meeting-app, build-zoom-meeting-sdk-app, build-zoom-phone-integration",필요 가능성 높음,외부 유료 플랜/API 과금 가능,필요 가능성 높음; 외부 서비스 인증 또는 권한 확인 필요. 비용/플랜: 외부 유료 플랜/API 과금 가능. 외부 앱/커넥터 인증이 필요할 수 있음
Creativity,BioRender,"BioRender을(를) 활용해 데이터 분석, KPI 진단, 리포트/대시보드 작성, 코드 저장소, 배포, 데이터베이스, 개발 워크플로을(를) Codex에서 처리하는 플러그인입니다.","데이터 분석, KPI 진단, 리포트/대시보드 작성, 코드 저장소, 배포, 데이터베이스, 개발 워크플로이(가) 필요한 작업에서 BioRender 데이터나 기능을 불러오거나 결과물을 만들 때 사용합니다.",작성/수정/생성 중심. 내부 스킬 설명서가 없거나 커넥터 중심으로 동작.,없음,필요 가능성 높음,확인 필요,필요 가능성 높음; 외부 서비스 인증 또는 권한 확인 필요. 비용/플랜: 무료/유료 여부는 메타데이터만으로 단정 불가. 외부 앱/커넥터 인증이 필요할 수 있음 / 내부 스킬 설명서 없음
Creativity,Canva,"Canva을(를) 활용해 문서, 표, 발표자료, 파일 기반 작업, 이미지, 영상, 미디어, 디자인 콘텐츠 제작을(를) Codex에서 처리하는 플러그인입니다.","문서, 표, 발표자료, 파일 기반 작업, 이미지, 영상, 미디어, 디자인 콘텐츠 제작이(가) 필요한 작업에서 Canva 데이터나 기능을 불러오거나 결과물을 만들 때 사용합니다.","조회/검색/요약, 작성/수정/생성 중심. 대표 스킬: canva-branded-presentation, canva-resize-for-all-social-media, canva-translate-design.","canva-branded-presentation, canva-resize-for-all-social-media, canva-translate-design",필요 가능성 높음,확인 필요,필요 가능성 높음; 외부 서비스 인증 또는 권한 확인 필요. 비용/플랜: 무료/유료 여부는 메타데이터만으로 단정 불가. 외부 앱/커넥터 인증이 필요할 수 있음
Creativity,Creative Production,"Creative Production을(를) 활용해 이미지, 영상, 미디어, 디자인 콘텐츠 제작, 시장/기업/투자 분석, 재무 데이터 검토을(를) Codex에서 처리하는 플러그인입니다.","이미지, 영상, 미디어, 디자인 콘텐츠 제작, 시장/기업/투자 분석, 재무 데이터 검토이(가) 필요한 작업에서 Creative Production 데이터나 기능을 불러오거나 결과물을 만들 때 사용합니다.","작성/수정/생성, 빌드/실행/배포, 상호작용/화면 조작 중심. 대표 스킬: ads-explorer, explore, generative-polish, logo-explorer, moodboard-explorer.","ads-explorer, explore, generative-polish, logo-explorer, moodboard-explorer",불필요,Codex 기능 범위 내,계정 연결 없이 로컬/번들 기능 중심으로 사용 가능. 비용/플랜: Codex 기능 범위 내. 서비스 정책 및 권한 확인 필요
Creativity,Fal,"Fal을(를) 활용해 이미지, 영상, 미디어, 디자인 콘텐츠 제작을(를) Codex에서 처리하는 플러그인입니다.","이미지, 영상, 미디어, 디자인 콘텐츠 제작이(가) 필요한 작업에서 Fal 데이터나 기능을 불러오거나 결과물을 만들 때 사용합니다.","조회/검색/요약, 작성/수정/생성 중심. 내부 스킬 설명서가 없거나 커넥터 중심으로 동작.",없음,필요 가능성 높음,확인 필요,필요 가능성 높음; 외부 서비스 인증 또는 권한 확인 필요. 비용/플랜: 무료/유료 여부는 메타데이터만으로 단정 불가. 외부 앱/커넥터 인증이 필요할 수 있음 / 내부 스킬 설명서 없음
Creativity,Figma,"Figma을(를) 활용해 디자인 구현, Figma 연동, UI/UX 산출물 작업을(를) Codex에서 처리하는 플러그인입니다.","디자인 구현, Figma 연동, UI/UX 산출물 작업이(가) 필요한 작업에서 Figma 데이터나 기능을 불러오거나 결과물을 만들 때 사용합니다.","조회/검색/요약, 작성/수정/생성, 상호작용/화면 조작 중심. 대표 스킬: figma-code-connect, figma-create-new-file, figma-generate-design, figma-generate-diagram, figma-generate-library.","figma-code-connect, figma-create-new-file, figma-generate-design, figma-generate-diagram, figma-generate-library",필요 가능성 높음,확인 필요,필요 가능성 높음; 외부 서비스 인증 또는 권한 확인 필요. 비용/플랜: 무료/유료 여부는 메타데이터만으로 단정 불가. 외부 앱/커넥터 인증이 필요할 수 있음 / 중복 캐시 항목: openai-curated\figma\43313cc9
Creativity,Figma,"Figma을(를) 활용해 디자인 구현, Figma 연동, UI/UX 산출물 작업을(를) Codex에서 처리하는 플러그인입니다.","디자인 구현, Figma 연동, UI/UX 산출물 작업이(가) 필요한 작업에서 Figma 데이터나 기능을 불러오거나 결과물을 만들 때 사용합니다.","조회/검색/요약, 작성/수정/생성, 상호작용/화면 조작 중심. 대표 스킬: figma-code-connect, figma-create-new-file, figma-generate-design, figma-generate-diagram, figma-generate-library.","figma-code-connect, figma-create-new-file, figma-generate-design, figma-generate-diagram, figma-generate-library",필요 가능성 높음,확인 필요,필요 가능성 높음; 외부 서비스 인증 또는 권한 확인 필요. 비용/플랜: 무료/유료 여부는 메타데이터만으로 단정 불가. 외부 앱/커넥터 인증이 필요할 수 있음 / 중복 캐시 항목: openai-curated-remote\figma\2.0.9
Creativity,HeyGen,"HeyGen을(를) 활용해 이미지, 영상, 미디어, 디자인 콘텐츠 제작을(를) Codex에서 처리하는 플러그인입니다.","이미지, 영상, 미디어, 디자인 콘텐츠 제작이(가) 필요한 작업에서 HeyGen 데이터나 기능을 불러오거나 결과물을 만들 때 사용합니다.","조회/검색/요약, 작성/수정/생성 중심. 대표 스킬: heygen-avatar, heygen-video.","heygen-avatar, heygen-video",필요 가능성 높음,외부 유료 플랜/API 과금 가능,필요 가능성 높음; 외부 서비스 인증 또는 권한 확인 필요. 비용/플랜: 외부 유료 플랜/API 과금 가능. 외부 앱/커넥터 인증이 필요할 수 있음 / 배포/클라우드 사용량 과금 가능
Creativity,HyperFrames by HeyGen,"HyperFrames by HeyGen을(를) 활용해 이미지, 영상, 미디어, 디자인 콘텐츠 제작을(를) Codex에서 처리하는 플러그인입니다.","이미지, 영상, 미디어, 디자인 콘텐츠 제작이(가) 필요한 작업에서 HyperFrames by HeyGen 데이터나 기능을 불러오거나 결과물을 만들 때 사용합니다.","조회/검색/요약, 작성/수정/생성 중심. 대표 스킬: gsap, hyperframes, hyperframes-cli, hyperframes-registry, website-to-hyperframes.","gsap, hyperframes, hyperframes-cli, hyperframes-registry, website-to-hyperframes",확인 필요,확인 필요,확인 필요; 외부 서비스 인증 또는 권한 확인 필요. 비용/플랜: 무료/유료 여부는 메타데이터만으로 단정 불가. 서비스 정책 및 권한 확인 필요
Creativity,Picsart,"Picsart을(를) 활용해 이미지, 영상, 미디어, 디자인 콘텐츠 제작을(를) Codex에서 처리하는 플러그인입니다.","이미지, 영상, 미디어, 디자인 콘텐츠 제작이(가) 필요한 작업에서 Picsart 데이터나 기능을 불러오거나 결과물을 만들 때 사용합니다.",작성/수정/생성 중심. 내부 스킬 설명서가 없거나 커넥터 중심으로 동작.,없음,필요 가능성 높음,확인 필요,필요 가능성 높음; 외부 서비스 인증 또는 권한 확인 필요. 비용/플랜: 무료/유료 여부는 메타데이터만으로 단정 불가. 외부 앱/커넥터 인증이 필요할 수 있음 / 내부 스킬 설명서 없음
Creativity,Product Design,"Product Design을(를) 활용해 디자인 구현, Figma 연동, UI/UX 산출물 작업, 이미지, 영상, 미디어, 디자인 콘텐츠 제작을(를) Codex에서 처리하는 플러그인입니다.","디자인 구현, Figma 연동, UI/UX 산출물 작업, 이미지, 영상, 미디어, 디자인 콘텐츠 제작이(가) 필요한 작업에서 Product Design 데이터나 기능을 불러오거나 결과물을 만들 때 사용합니다.","조회/검색/요약, 작성/수정/생성, 상호작용/화면 조작 중심. 대표 스킬: audit, design-qa, get-context, ideate, image-to-code.","audit, design-qa, get-context, ideate, image-to-code",불필요,Codex 기능 범위 내,계정 연결 없이 로컬/번들 기능 중심으로 사용 가능. 비용/플랜: Codex 기능 범위 내. 배포/클라우드 사용량 과금 가능
Creativity,Remotion,"Remotion을(를) 활용해 이미지, 영상, 미디어, 디자인 콘텐츠 제작, 데이터 분석, KPI 진단, 리포트/대시보드 작성을(를) Codex에서 처리하는 플러그인입니다.","이미지, 영상, 미디어, 디자인 콘텐츠 제작, 데이터 분석, KPI 진단, 리포트/대시보드 작성이(가) 필요한 작업에서 Remotion 데이터나 기능을 불러오거나 결과물을 만들 때 사용합니다.","조회/검색/요약, 작성/수정/생성, 시각화/보고서화 중심. 대표 스킬: remotion-best-practices.",remotion-best-practices,확인 필요,확인 필요,확인 필요; 외부 서비스 인증 또는 권한 확인 필요. 비용/플랜: 무료/유료 여부는 메타데이터만으로 단정 불가. 서비스 정책 및 권한 확인 필요
Creativity,Shutterstock,"Shutterstock을(를) 활용해 이미지, 영상, 미디어, 디자인 콘텐츠 제작, 시장/기업/투자 분석, 재무 데이터 검토을(를) Codex에서 처리하는 플러그인입니다.","이미지, 영상, 미디어, 디자인 콘텐츠 제작, 시장/기업/투자 분석, 재무 데이터 검토이(가) 필요한 작업에서 Shutterstock 데이터나 기능을 불러오거나 결과물을 만들 때 사용합니다.",조회/검색/요약 중심. 내부 스킬 설명서가 없거나 커넥터 중심으로 동작.,없음,필요 가능성 높음,외부 유료 플랜/API 과금 가능,필요 가능성 높음; 외부 서비스 인증 또는 권한 확인 필요. 비용/플랜: 외부 유료 플랜/API 과금 가능. 외부 앱/커넥터 인증이 필요할 수 있음 / 내부 스킬 설명서 없음
Data & Analytics,Alation,"Alation을(를) 활용해 데이터 분석, KPI 진단, 리포트/대시보드 작성을(를) Codex에서 처리하는 플러그인입니다.","데이터 분석, KPI 진단, 리포트/대시보드 작성이(가) 필요한 작업에서 Alation 데이터나 기능을 불러오거나 결과물을 만들 때 사용합니다.",조회/검색/요약 중심. 내부 스킬 설명서가 없거나 커넥터 중심으로 동작.,없음,필요 가능성 높음,확인 필요,필요 가능성 높음; 외부 서비스 인증 또는 권한 확인 필요. 비용/플랜: 무료/유료 여부는 메타데이터만으로 단정 불가. 외부 앱/커넥터 인증이 필요할 수 있음 / 내부 스킬 설명서 없음
Data & Analytics,Amplitude,"Amplitude을(를) 활용해 데이터 분석, KPI 진단, 리포트/대시보드 작성을(를) Codex에서 처리하는 플러그인입니다.","데이터 분석, KPI 진단, 리포트/대시보드 작성이(가) 필요한 작업에서 Amplitude 데이터나 기능을 불러오거나 결과물을 만들 때 사용합니다.",작업 보조 중심. 내부 스킬 설명서가 없거나 커넥터 중심으로 동작.,없음,필요 가능성 높음,확인 필요,필요 가능성 높음; 외부 서비스 인증 또는 권한 확인 필요. 비용/플랜: 무료/유료 여부는 메타데이터만으로 단정 불가. 외부 앱/커넥터 인증이 필요할 수 있음 / 내부 스킬 설명서 없음
Data & Analytics,Coupler.io,"Coupler.io을(를) 활용해 코드 저장소, 배포, 데이터베이스, 개발 워크플로, 시장/기업/투자 분석, 재무 데이터 검토을(를) Codex에서 처리하는 플러그인입니다.","코드 저장소, 배포, 데이터베이스, 개발 워크플로, 시장/기업/투자 분석, 재무 데이터 검토이(가) 필요한 작업에서 Coupler.io 데이터나 기능을 불러오거나 결과물을 만들 때 사용합니다.",조회/검색/요약 중심. 내부 스킬 설명서가 없거나 커넥터 중심으로 동작.,없음,필요 가능성 높음,외부 유료 플랜/API 과금 가능,필요 가능성 높음; 외부 서비스 인증 또는 권한 확인 필요. 비용/플랜: 외부 유료 플랜/API 과금 가능. 외부 앱/커넥터 인증이 필요할 수 있음 / 내부 스킬 설명서 없음
Data & Analytics,Data Analytics,"Data Analytics을(를) 활용해 데이터 분석, KPI 진단, 리포트/대시보드 작성을(를) Codex에서 처리하는 플러그인입니다.","데이터 분석, KPI 진단, 리포트/대시보드 작성이(가) 필요한 작업에서 Data Analytics 데이터나 기능을 불러오거나 결과물을 만들 때 사용합니다.","조회/검색/요약, 작성/수정/생성, 상호작용/화면 조작, 시각화/보고서화 중심. 대표 스킬: analyze-data-quality, build-dashboard, build-report, design-kpis, gather-business-context.","analyze-data-quality, build-dashboard, build-report, design-kpis, gather-business-context",불필요,Codex 기능 범위 내,계정 연결 없이 로컬/번들 기능 중심으로 사용 가능. 비용/플랜: Codex 기능 범위 내. 서비스 정책 및 권한 확인 필요
Data & Analytics,Deepnote,Deepnote을(를) 활용해 데이터 분석을(를) Codex에서 처리하는 플러그인입니다.,데이터 분석이(가) 필요한 작업에서 Deepnote 데이터나 기능을 불러오거나 결과물을 만들 때 사용합니다.,"조회/검색/요약, 작성/수정/생성, 상호작용/화면 조작 중심. 대표 스킬: deepnote, deepnote-data-execution, deepnote-links, deepnote-notebook-editing, deepnote-notebooks.","deepnote, deepnote-data-execution, deepnote-links, deepnote-notebook-editing, deepnote-notebooks",필요 가능성 높음,확인 필요,필요 가능성 높음; 외부 서비스 인증 또는 권한 확인 필요. 비용/플랜: 무료/유료 여부는 메타데이터만으로 단정 불가. 외부 앱/커넥터 인증이 필요할 수 있음
Data & Analytics,Metabase,"Metabase을(를) 활용해 데이터 분석, KPI 진단, 리포트/대시보드 작성을(를) Codex에서 처리하는 플러그인입니다.","데이터 분석, KPI 진단, 리포트/대시보드 작성이(가) 필요한 작업에서 Metabase 데이터나 기능을 불러오거나 결과물을 만들 때 사용합니다.","조회/검색/요약, 작성/수정/생성 중심. 대표 스킬: setup-metabase-instance.",setup-metabase-instance,필요 가능성 높음,확인 필요,필요 가능성 높음; 외부 서비스 인증 또는 권한 확인 필요. 비용/플랜: 무료/유료 여부는 메타데이터만으로 단정 불가. 외부 앱/커넥터 인증이 필요할 수 있음
Data & Analytics,Mixpanel,"Mixpanel을(를) 활용해 데이터 분석, KPI 진단, 리포트/대시보드 작성을(를) Codex에서 처리하는 플러그인입니다.","데이터 분석, KPI 진단, 리포트/대시보드 작성이(가) 필요한 작업에서 Mixpanel 데이터나 기능을 불러오거나 결과물을 만들 때 사용합니다.","조회/검색/요약, 작성/수정/생성, 상호작용/화면 조작 중심. 내부 스킬 설명서가 없거나 커넥터 중심으로 동작.",없음,필요 가능성 높음,확인 필요,필요 가능성 높음; 외부 서비스 인증 또는 권한 확인 필요. 비용/플랜: 무료/유료 여부는 메타데이터만으로 단정 불가. 외부 앱/커넥터 인증이 필요할 수 있음 / 내부 스킬 설명서 없음
Data & Analytics,Mixpanel Headless,"Mixpanel Headless을(를) 활용해 데이터 분석, KPI 진단, 리포트/대시보드 작성, 코드 저장소, 배포, 데이터베이스, 개발 워크플로을(를) Codex에서 처리하는 플러그인입니다.","데이터 분석, KPI 진단, 리포트/대시보드 작성, 코드 저장소, 배포, 데이터베이스, 개발 워크플로이(가) 필요한 작업에서 Mixpanel Headless 데이터나 기능을 불러오거나 결과물을 만들 때 사용합니다.","조회/검색/요약, 작성/수정/생성, 상호작용/화면 조작 중심. 대표 스킬: dashboard-expert, mixpanel-auth, mixpanel-headless-setup, mixpanelyst.","dashboard-expert, mixpanel-auth, mixpanel-headless-setup, mixpanelyst",필요 가능성 있음,확인 필요,필요 가능성 있음; 외부 서비스 인증 또는 권한 확인 필요. 비용/플랜: 무료/유료 여부는 메타데이터만으로 단정 불가. 서비스 정책 및 권한 확인 필요
Data & Analytics,MotherDuck,"MotherDuck을(를) 활용해 데이터 분석, KPI 진단, 리포트/대시보드 작성을(를) Codex에서 처리하는 플러그인입니다.","데이터 분석, KPI 진단, 리포트/대시보드 작성이(가) 필요한 작업에서 MotherDuck 데이터나 기능을 불러오거나 결과물을 만들 때 사용합니다.",작업 보조 중심. 내부 스킬 설명서가 없거나 커넥터 중심으로 동작.,없음,필요 가능성 높음,확인 필요,필요 가능성 높음; 외부 서비스 인증 또는 권한 확인 필요. 비용/플랜: 무료/유료 여부는 메타데이터만으로 단정 불가. 외부 앱/커넥터 인증이 필요할 수 있음 / 내부 스킬 설명서 없음
Data & Analytics,Omni Analytics,"Omni Analytics을(를) 활용해 데이터 분석, KPI 진단, 리포트/대시보드 작성을(를) Codex에서 처리하는 플러그인입니다.","데이터 분석, KPI 진단, 리포트/대시보드 작성이(가) 필요한 작업에서 Omni Analytics 데이터나 기능을 불러오거나 결과물을 만들 때 사용합니다.",조회/검색/요약 중심. 내부 스킬 설명서가 없거나 커넥터 중심으로 동작.,없음,필요 가능성 높음,확인 필요,필요 가능성 높음; 외부 서비스 인증 또는 권한 확인 필요. 비용/플랜: 무료/유료 여부는 메타데이터만으로 단정 불가. 외부 앱/커넥터 인증이 필요할 수 있음 / 내부 스킬 설명서 없음
Data & Analytics,PostHog,"PostHog을(를) 활용해 데이터 분석, KPI 진단, 리포트/대시보드 작성을(를) Codex에서 처리하는 플러그인입니다.","데이터 분석, KPI 진단, 리포트/대시보드 작성이(가) 필요한 작업에서 PostHog 데이터나 기능을 불러오거나 결과물을 만들 때 사용합니다.","조회/검색/요약, 작성/수정/생성, 상호작용/화면 조작 중심. 대표 스킬: posthog.",posthog,필요 가능성 높음,확인 필요,필요 가능성 높음; 외부 서비스 인증 또는 권한 확인 필요. 비용/플랜: 무료/유료 여부는 메타데이터만으로 단정 불가. 외부 앱/커넥터 인증이 필요할 수 있음
Data & Analytics,Similarweb,"Similarweb을(를) 활용해 데이터 분석, KPI 진단, 리포트/대시보드 작성, 시장/기업/투자 분석, 재무 데이터 검토을(를) Codex에서 처리하는 플러그인입니다.","데이터 분석, KPI 진단, 리포트/대시보드 작성, 시장/기업/투자 분석, 재무 데이터 검토이(가) 필요한 작업에서 Similarweb 데이터나 기능을 불러오거나 결과물을 만들 때 사용합니다.",조회/검색/요약 중심. 내부 스킬 설명서가 없거나 커넥터 중심으로 동작.,없음,필요 가능성 높음,확인 필요,필요 가능성 높음; 외부 서비스 인증 또는 권한 확인 필요. 비용/플랜: 무료/유료 여부는 메타데이터만으로 단정 불가. 외부 앱/커넥터 인증이 필요할 수 있음 / 내부 스킬 설명서 없음
Data & Analytics,ThoughtSpot,"ThoughtSpot을(를) 활용해 데이터 분석, KPI 진단, 리포트/대시보드 작성을(를) Codex에서 처리하는 플러그인입니다.","데이터 분석, KPI 진단, 리포트/대시보드 작성이(가) 필요한 작업에서 ThoughtSpot 데이터나 기능을 불러오거나 결과물을 만들 때 사용합니다.","조회/검색/요약, 시각화/보고서화 중심. 내부 스킬 설명서가 없거나 커넥터 중심으로 동작.",없음,필요 가능성 높음,확인 필요,필요 가능성 높음; 외부 서비스 인증 또는 권한 확인 필요. 비용/플랜: 무료/유료 여부는 메타데이터만으로 단정 불가. 외부 앱/커넥터 인증이 필요할 수 있음 / 내부 스킬 설명서 없음
Data & Analytics,Windsor.ai,"Windsor.ai을(를) 활용해 시장/기업/투자 분석, 재무 데이터 검토을(를) Codex에서 처리하는 플러그인입니다.","시장/기업/투자 분석, 재무 데이터 검토이(가) 필요한 작업에서 Windsor.ai 데이터나 기능을 불러오거나 결과물을 만들 때 사용합니다.",작업 보조 중심. 내부 스킬 설명서가 없거나 커넥터 중심으로 동작.,없음,필요 가능성 높음,확인 필요,필요 가능성 높음; 외부 서비스 인증 또는 권한 확인 필요. 비용/플랜: 무료/유료 여부는 메타데이터만으로 단정 불가. 외부 앱/커넥터 인증이 필요할 수 있음 / 내부 스킬 설명서 없음
Developer Tools,Base44,"Base44을(를) 활용해 코드 저장소, 배포, 데이터베이스, 개발 워크플로, 앱/웹/게임 개발 및 실행 환경 구성을(를) Codex에서 처리하는 플러그인입니다.","코드 저장소, 배포, 데이터베이스, 개발 워크플로, 앱/웹/게임 개발 및 실행 환경 구성이(가) 필요한 작업에서 Base44 데이터나 기능을 불러오거나 결과물을 만들 때 사용합니다.","조회/검색/요약, 작성/수정/생성, 빌드/실행/배포, 상호작용/화면 조작 중심. 대표 스킬: base44-cli, base44-sdk, base44-troubleshooter.","base44-cli, base44-sdk, base44-troubleshooter",필요 가능성 높음,외부 유료 플랜/API 과금 가능,필요 가능성 높음; 외부 서비스 인증 또는 권한 확인 필요. 비용/플랜: 외부 유료 플랜/API 과금 가능. 외부 앱/커넥터 인증이 필요할 수 있음 / 배포/클라우드 사용량 과금 가능
Developer Tools,Build iOS Apps,"Build iOS Apps을(를) 활용해 브라우저, 데스크톱 앱, 로컬 환경 조작, 앱/웹/게임 개발 및 실행 환경 구성을(를) Codex에서 처리하는 플러그인입니다.","브라우저, 데스크톱 앱, 로컬 환경 조작, 앱/웹/게임 개발 및 실행 환경 구성이(가) 필요한 작업에서 Build iOS Apps 데이터나 기능을 불러오거나 결과물을 만들 때 사용합니다.","조회/검색/요약, 작성/수정/생성, 빌드/실행/배포, 상호작용/화면 조작 중심. 대표 스킬: ios-app-intents, ios-debugger-agent, ios-ettrace-performance, ios-memgraph-leaks, ios-simulator-browser.","ios-app-intents, ios-debugger-agent, ios-ettrace-performance, ios-memgraph-leaks, ios-simulator-browser",확인 필요,확인 필요,확인 필요; 외부 서비스 인증 또는 권한 확인 필요. 비용/플랜: 무료/유료 여부는 메타데이터만으로 단정 불가. 서비스 정책 및 권한 확인 필요
Developer Tools,Build macOS Apps,Build macOS Apps을(를) 활용해 앱/웹/게임 개발 및 실행 환경 구성을(를) Codex에서 처리하는 플러그인입니다.,앱/웹/게임 개발 및 실행 환경 구성이(가) 필요한 작업에서 Build macOS Apps 데이터나 기능을 불러오거나 결과물을 만들 때 사용합니다.,"조회/검색/요약, 작성/수정/생성, 빌드/실행/배포, 상호작용/화면 조작 중심. 대표 스킬: appkit-interop, build-run-debug, liquid-glass, packaging-notarization, signing-entitlements.","appkit-interop, build-run-debug, liquid-glass, packaging-notarization, signing-entitlements",확인 필요,확인 필요,확인 필요; 외부 서비스 인증 또는 권한 확인 필요. 비용/플랜: 무료/유료 여부는 메타데이터만으로 단정 불가. 서비스 정책 및 권한 확인 필요
Developer Tools,Build Web Apps,"Build Web Apps을(를) 활용해 코드 저장소, 배포, 데이터베이스, 개발 워크플로, 브라우저, 데스크톱 앱, 로컬 환경 조작을(를) Codex에서 처리하는 플러그인입니다.","코드 저장소, 배포, 데이터베이스, 개발 워크플로, 브라우저, 데스크톱 앱, 로컬 환경 조작이(가) 필요한 작업에서 Build Web Apps 데이터나 기능을 불러오거나 결과물을 만들 때 사용합니다.","조회/검색/요약, 작성/수정/생성, 빌드/실행/배포, 상호작용/화면 조작 중심. 대표 스킬: frontend-app-builder, frontend-testing-debugging, react-best-practices, shadcn, stripe-best-practices.","frontend-app-builder, frontend-testing-debugging, react-best-practices, shadcn, stripe-best-practices",필요 가능성 있음,확인 필요,필요 가능성 있음; 외부 서비스 인증 또는 권한 확인 필요. 비용/플랜: 무료/유료 여부는 메타데이터만으로 단정 불가. 서비스 정책 및 권한 확인 필요
Developer Tools,Build Web Data Visualization,Build Web Data Visualization을(를) 활용해 앱/웹/게임 개발 및 실행 환경 구성을(를) Codex에서 처리하는 플러그인입니다.,앱/웹/게임 개발 및 실행 환경 구성이(가) 필요한 작업에서 Build Web Data Visualization 데이터나 기능을 불러오거나 결과물을 만들 때 사용합니다.,"조회/검색/요약, 작성/수정/생성, 빌드/실행/배포, 상호작용/화면 조작, 시각화/보고서화 중심. 대표 스킬: accessibility-and-inclusive-visualization, canvas2d-data-visualization, d3-data-visualization, dashboards-and-real-time-visualization, data-visualization.","accessibility-and-inclusive-visualization, canvas2d-data-visualization, d3-data-visualization, dashboards-and-real-time-visualization, data-visualization",필요 가능성 있음,확인 필요,필요 가능성 있음; 외부 서비스 인증 또는 권한 확인 필요. 비용/플랜: 무료/유료 여부는 메타데이터만으로 단정 불가. 서비스 정책 및 권한 확인 필요
Developer Tools,CircleCI,"CircleCI을(를) 활용해 코드 저장소, 배포, 데이터베이스, 개발 워크플로, 앱/웹/게임 개발 및 실행 환경 구성을(를) Codex에서 처리하는 플러그인입니다.","코드 저장소, 배포, 데이터베이스, 개발 워크플로, 앱/웹/게임 개발 및 실행 환경 구성이(가) 필요한 작업에서 CircleCI 데이터나 기능을 불러오거나 결과물을 만들 때 사용합니다.","작성/수정/생성, 빌드/실행/배포, 상호작용/화면 조작 중심. 대표 스킬: chunk, circleci-builds, circleci-cli, circleci-config.","chunk, circleci-builds, circleci-cli, circleci-config",확인 필요,외부 유료 플랜/API 과금 가능,확인 필요; 외부 서비스 인증 또는 권한 확인 필요. 비용/플랜: 외부 유료 플랜/API 과금 가능. 배포/클라우드 사용량 과금 가능
Developer Tools,Cloudflare,"Cloudflare을(를) 활용해 코드 저장소, 배포, 데이터베이스, 개발 워크플로을(를) Codex에서 처리하는 플러그인입니다.","코드 저장소, 배포, 데이터베이스, 개발 워크플로이(가) 필요한 작업에서 Cloudflare 데이터나 기능을 불러오거나 결과물을 만들 때 사용합니다.","조회/검색/요약, 작성/수정/생성, 빌드/실행/배포, 상호작용/화면 조작 중심. 대표 스킬: agents-sdk, building-ai-agent-on-cloudflare, building-mcp-server-on-cloudflare, cloudflare, durable-objects.","agents-sdk, building-ai-agent-on-cloudflare, building-mcp-server-on-cloudflare, cloudflare, durable-objects",필요 가능성 있음,외부 유료 플랜/API 과금 가능,필요 가능성 있음; 외부 서비스 인증 또는 권한 확인 필요. 비용/플랜: 외부 유료 플랜/API 과금 가능. 배포/클라우드 사용량 과금 가능
Developer Tools,Cloudinary,Cloudinary을(를) 활용해 개발 도구을(를) Codex에서 처리하는 플러그인입니다.,개발 도구이(가) 필요한 작업에서 Cloudinary 데이터나 기능을 불러오거나 결과물을 만들 때 사용합니다.,"조회/검색/요약, 작성/수정/생성 중심. 내부 스킬 설명서가 없거나 커넥터 중심으로 동작.",없음,필요 가능성 높음,외부 유료 플랜/API 과금 가능,필요 가능성 높음; 외부 서비스 인증 또는 권한 확인 필요. 비용/플랜: 외부 유료 플랜/API 과금 가능. 외부 앱/커넥터 인증이 필요할 수 있음 / 내부 스킬 설명서 없음 / 배포/클라우드 사용량 과금 가능
Developer Tools,CodeRabbit,"CodeRabbit을(를) 활용해 코드 저장소, 배포, 데이터베이스, 개발 워크플로을(를) Codex에서 처리하는 플러그인입니다.","코드 저장소, 배포, 데이터베이스, 개발 워크플로이(가) 필요한 작업에서 CodeRabbit 데이터나 기능을 불러오거나 결과물을 만들 때 사용합니다.","작성/수정/생성, 빌드/실행/배포, 상호작용/화면 조작 중심. 대표 스킬: code-review.",code-review,확인 필요,확인 필요,확인 필요; 외부 서비스 인증 또는 권한 확인 필요. 비용/플랜: 무료/유료 여부는 메타데이터만으로 단정 불가. 서비스 정책 및 권한 확인 필요
Developer Tools,Convex,"Convex을(를) 활용해 코드 저장소, 배포, 데이터베이스, 개발 워크플로, 앱/웹/게임 개발 및 실행 환경 구성을(를) Codex에서 처리하는 플러그인입니다.","코드 저장소, 배포, 데이터베이스, 개발 워크플로, 앱/웹/게임 개발 및 실행 환경 구성이(가) 필요한 작업에서 Convex 데이터나 기능을 불러오거나 결과물을 만들 때 사용합니다.",작업 보조 중심. 내부 스킬 설명서가 없거나 커넥터 중심으로 동작.,없음,필요 가능성 높음,확인 필요,필요 가능성 높음; 외부 서비스 인증 또는 권한 확인 필요. 비용/플랜: 무료/유료 여부는 메타데이터만으로 단정 불가. 외부 앱/커넥터 인증이 필요할 수 있음 / 내부 스킬 설명서 없음
Developer Tools,Datadog (Preview),"Datadog (Preview)을(를) 활용해 코드 저장소, 배포, 데이터베이스, 개발 워크플로을(를) Codex에서 처리하는 플러그인입니다.","코드 저장소, 배포, 데이터베이스, 개발 워크플로이(가) 필요한 작업에서 Datadog (Preview) 데이터나 기능을 불러오거나 결과물을 만들 때 사용합니다.","작성/수정/생성, 상호작용/화면 조작 중심. 내부 스킬 설명서가 없거나 커넥터 중심으로 동작.",없음,필요 가능성 높음,확인 필요,필요 가능성 높음; 외부 서비스 인증 또는 권한 확인 필요. 비용/플랜: 무료/유료 여부는 메타데이터만으로 단정 불가. 외부 앱/커넥터 인증이 필요할 수 있음 / 내부 스킬 설명서 없음
Developer Tools,Expo,"Expo을(를) 활용해 코드 저장소, 배포, 데이터베이스, 개발 워크플로, 앱/웹/게임 개발 및 실행 환경 구성을(를) Codex에서 처리하는 플러그인입니다.","코드 저장소, 배포, 데이터베이스, 개발 워크플로, 앱/웹/게임 개발 및 실행 환경 구성이(가) 필요한 작업에서 Expo 데이터나 기능을 불러오거나 결과물을 만들 때 사용합니다.","조회/검색/요약, 작성/수정/생성, 빌드/실행/배포, 상호작용/화면 조작 중심. 대표 스킬: building-native-ui, codex-expo-run-actions, expo-api-routes, expo-cicd-workflows, expo-deployment.","building-native-ui, codex-expo-run-actions, expo-api-routes, expo-cicd-workflows, expo-deployment",필요 가능성 있음,외부 유료 플랜/API 과금 가능,필요 가능성 있음; 외부 서비스 인증 또는 권한 확인 필요. 비용/플랜: 외부 유료 플랜/API 과금 가능. 배포/클라우드 사용량 과금 가능
Developer Tools,Game Studio,"Game Studio을(를) 활용해 브라우저, 데스크톱 앱, 로컬 환경 조작, 앱/웹/게임 개발 및 실행 환경 구성을(를) Codex에서 처리하는 플러그인입니다.","브라우저, 데스크톱 앱, 로컬 환경 조작, 앱/웹/게임 개발 및 실행 환경 구성이(가) 필요한 작업에서 Game Studio 데이터나 기능을 불러오거나 결과물을 만들 때 사용합니다.","작성/수정/생성, 상호작용/화면 조작 중심. 대표 스킬: game-playtest, game-studio, game-ui-frontend, phaser-2d-game, react-three-fiber-game.","game-playtest, game-studio, game-ui-frontend, phaser-2d-game, react-three-fiber-game",확인 필요,확인 필요,확인 필요; 외부 서비스 인증 또는 권한 확인 필요. 비용/플랜: 무료/유료 여부는 메타데이터만으로 단정 불가. 서비스 정책 및 권한 확인 필요
Developer Tools,GitHub,"GitHub을(를) 활용해 코드 저장소, 배포, 데이터베이스, 개발 워크플로을(를) Codex에서 처리하는 플러그인입니다.","코드 저장소, 배포, 데이터베이스, 개발 워크플로이(가) 필요한 작업에서 GitHub 데이터나 기능을 불러오거나 결과물을 만들 때 사용합니다.","조회/검색/요약, 작성/수정/생성, 상호작용/화면 조작 중심. 대표 스킬: gh-address-comments, gh-fix-ci, github, yeet.","gh-address-comments, gh-fix-ci, github, yeet",필요 가능성 높음,확인 필요,필요 가능성 높음; 외부 서비스 인증 또는 권한 확인 필요. 비용/플랜: 무료/유료 여부는 메타데이터만으로 단정 불가. 외부 앱/커넥터 인증이 필요할 수 있음
Developer Tools,Hostinger,Hostinger을(를) 활용해 앱/웹/게임 개발 및 실행 환경 구성을(를) Codex에서 처리하는 플러그인입니다.,앱/웹/게임 개발 및 실행 환경 구성이(가) 필요한 작업에서 Hostinger 데이터나 기능을 불러오거나 결과물을 만들 때 사용합니다.,빌드/실행/배포 중심. 내부 스킬 설명서가 없거나 커넥터 중심으로 동작.,없음,필요 가능성 높음,외부 유료 플랜/API 과금 가능,필요 가능성 높음; 외부 서비스 인증 또는 권한 확인 필요. 비용/플랜: 외부 유료 플랜/API 과금 가능. 외부 앱/커넥터 인증이 필요할 수 있음 / 내부 스킬 설명서 없음 / 배포/클라우드 사용량 과금 가능
Developer Tools,Hugging Face,Hugging Face을(를) 활용해 개발 도구을(를) Codex에서 처리하는 플러그인입니다.,개발 도구이(가) 필요한 작업에서 Hugging Face 데이터나 기능을 불러오거나 결과물을 만들 때 사용합니다.,"조회/검색/요약, 작성/수정/생성, 상호작용/화면 조작 중심. 대표 스킬: hf-cli, huggingface-community-evals, huggingface-datasets, huggingface-gradio, huggingface-jobs.","hf-cli, huggingface-community-evals, huggingface-datasets, huggingface-gradio, huggingface-jobs",필요 가능성 높음,확인 필요,필요 가능성 높음; 외부 서비스 인증 또는 권한 확인 필요. 비용/플랜: 무료/유료 여부는 메타데이터만으로 단정 불가. 외부 앱/커넥터 인증이 필요할 수 있음
Developer Tools,Lovable,Lovable을(를) 활용해 앱/웹/게임 개발 및 실행 환경 구성을(를) Codex에서 처리하는 플러그인입니다.,앱/웹/게임 개발 및 실행 환경 구성이(가) 필요한 작업에서 Lovable 데이터나 기능을 불러오거나 결과물을 만들 때 사용합니다.,"조회/검색/요약, 빌드/실행/배포 중심. 내부 스킬 설명서가 없거나 커넥터 중심으로 동작.",없음,필요 가능성 높음,확인 필요,필요 가능성 높음; 외부 서비스 인증 또는 권한 확인 필요. 비용/플랜: 무료/유료 여부는 메타데이터만으로 단정 불가. 외부 앱/커넥터 인증이 필요할 수 있음 / 내부 스킬 설명서 없음
Developer Tools,MagicPath,MagicPath을(를) 활용해 앱/웹/게임 개발 및 실행 환경 구성을(를) Codex에서 처리하는 플러그인입니다.,앱/웹/게임 개발 및 실행 환경 구성이(가) 필요한 작업에서 MagicPath 데이터나 기능을 불러오거나 결과물을 만들 때 사용합니다.,"조회/검색/요약, 작성/수정/생성, 상호작용/화면 조작 중심. 대표 스킬: magicpath.",magicpath,필요 가능성 있음,확인 필요,필요 가능성 있음; 외부 서비스 인증 또는 권한 확인 필요. 비용/플랜: 무료/유료 여부는 메타데이터만으로 단정 불가. 서비스 정책 및 권한 확인 필요
Developer Tools,MarcoPolo,MarcoPolo을(를) 활용해 개발 도구을(를) Codex에서 처리하는 플러그인입니다.,개발 도구이(가) 필요한 작업에서 MarcoPolo 데이터나 기능을 불러오거나 결과물을 만들 때 사용합니다.,"조회/검색/요약, 작성/수정/생성 중심. 내부 스킬 설명서가 없거나 커넥터 중심으로 동작.",없음,필요 가능성 높음,외부 유료 플랜/API 과금 가능,필요 가능성 높음; 외부 서비스 인증 또는 권한 확인 필요. 비용/플랜: 외부 유료 플랜/API 과금 가능. 외부 앱/커넥터 인증이 필요할 수 있음 / 내부 스킬 설명서 없음
Developer Tools,Neon Postgres,"Neon Postgres을(를) 활용해 코드 저장소, 배포, 데이터베이스, 개발 워크플로을(를) Codex에서 처리하는 플러그인입니다.","코드 저장소, 배포, 데이터베이스, 개발 워크플로이(가) 필요한 작업에서 Neon Postgres 데이터나 기능을 불러오거나 결과물을 만들 때 사용합니다.","작성/수정/생성, 상호작용/화면 조작 중심. 대표 스킬: neon-postgres, neon-postgres-egress-optimizer.","neon-postgres, neon-postgres-egress-optimizer",필요 가능성 높음,확인 필요,필요 가능성 높음; 외부 서비스 인증 또는 권한 확인 필요. 비용/플랜: 무료/유료 여부는 메타데이터만으로 단정 불가. 외부 앱/커넥터 인증이 필요할 수 있음
Developer Tools,Netlify,"Netlify을(를) 활용해 코드 저장소, 배포, 데이터베이스, 개발 워크플로을(를) Codex에서 처리하는 플러그인입니다.","코드 저장소, 배포, 데이터베이스, 개발 워크플로이(가) 필요한 작업에서 Netlify 데이터나 기능을 불러오거나 결과물을 만들 때 사용합니다.","작성/수정/생성, 빌드/실행/배포, 상호작용/화면 조작 중심. 대표 스킬: netlify-ai-gateway, netlify-blobs, netlify-caching, netlify-cli-and-deploy, netlify-config.","netlify-ai-gateway, netlify-blobs, netlify-caching, netlify-cli-and-deploy, netlify-config",필요 가능성 높음,외부 유료 플랜/API 과금 가능,필요 가능성 높음; 외부 서비스 인증 또는 권한 확인 필요. 비용/플랜: 외부 유료 플랜/API 과금 가능. 외부 앱/커넥터 인증이 필요할 수 있음 / 배포/클라우드 사용량 과금 가능
Developer Tools,NVIDIA,"NVIDIA을(를) 활용해 코드 저장소, 배포, 데이터베이스, 개발 워크플로을(를) Codex에서 처리하는 플러그인입니다.","코드 저장소, 배포, 데이터베이스, 개발 워크플로이(가) 필요한 작업에서 NVIDIA 데이터나 기능을 불러오거나 결과물을 만들 때 사용합니다.","조회/검색/요약, 작성/수정/생성, 상호작용/화면 조작 중심. 대표 스킬: aiq-deploy, aiq-research, cuopt-user-rules, dynamo-interconnect-check, dynamo-router-starter.","aiq-deploy, aiq-research, cuopt-user-rules, dynamo-interconnect-check, dynamo-router-starter",확인 필요,확인 필요,확인 필요; 외부 서비스 인증 또는 권한 확인 필요. 비용/플랜: 무료/유료 여부는 메타데이터만으로 단정 불가. 서비스 정책 및 권한 확인 필요
Developer Tools,OpenAI Developers,"OpenAI Developers을(를) 활용해 코드 저장소, 배포, 데이터베이스, 개발 워크플로, 앱/웹/게임 개발 및 실행 환경 구성을(를) Codex에서 처리하는 플러그인입니다.","코드 저장소, 배포, 데이터베이스, 개발 워크플로, 앱/웹/게임 개발 및 실행 환경 구성이(가) 필요한 작업에서 OpenAI Developers 데이터나 기능을 불러오거나 결과물을 만들 때 사용합니다.","조회/검색/요약, 작성/수정/생성, 상호작용/화면 조작 중심. 대표 스킬: agents-sdk, build-chatgpt-app, chatgpt-app-submission, openai-api-troubleshooting, openai-platform-api-key.","agents-sdk, build-chatgpt-app, chatgpt-app-submission, openai-api-troubleshooting, openai-platform-api-key",필요 가능성 높음,외부 유료 플랜/API 과금 가능,필요 가능성 높음; 외부 서비스 인증 또는 권한 확인 필요. 비용/플랜: 외부 유료 플랜/API 과금 가능. 외부 앱/커넥터 인증이 필요할 수 있음 / 배포/클라우드 사용량 과금 가능
Developer Tools,Plugin Eval,Plugin Eval을(를) 활용해 앱/웹/게임 개발 및 실행 환경 구성을(를) Codex에서 처리하는 플러그인입니다.,앱/웹/게임 개발 및 실행 환경 구성이(가) 필요한 작업에서 Plugin Eval 데이터나 기능을 불러오거나 결과물을 만들 때 사용합니다.,"작성/수정/생성, 상호작용/화면 조작 중심. 대표 스킬: evaluate-plugin, evaluate-skill, improve-skill, metric-pack-designer, plugin-eval.","evaluate-plugin, evaluate-skill, improve-skill, metric-pack-designer, plugin-eval",확인 필요,외부 유료 플랜/API 과금 가능,확인 필요; 외부 서비스 인증 또는 권한 확인 필요. 비용/플랜: 외부 유료 플랜/API 과금 가능. 서비스 정책 및 권한 확인 필요
Developer Tools,Quicknode,Quicknode을(를) 활용해 개발 도구을(를) Codex에서 처리하는 플러그인입니다.,개발 도구이(가) 필요한 작업에서 Quicknode 데이터나 기능을 불러오거나 결과물을 만들 때 사용합니다.,"조회/검색/요약, 작성/수정/생성 중심. 내부 스킬 설명서가 없거나 커넥터 중심으로 동작.",없음,필요 가능성 높음,외부 유료 플랜/API 과금 가능,필요 가능성 높음; 외부 서비스 인증 또는 권한 확인 필요. 비용/플랜: 외부 유료 플랜/API 과금 가능. 외부 앱/커넥터 인증이 필요할 수 있음 / 내부 스킬 설명서 없음
Developer Tools,Render,"Render을(를) 활용해 코드 저장소, 배포, 데이터베이스, 개발 워크플로, 앱/웹/게임 개발 및 실행 환경 구성을(를) Codex에서 처리하는 플러그인입니다.","코드 저장소, 배포, 데이터베이스, 개발 워크플로, 앱/웹/게임 개발 및 실행 환경 구성이(가) 필요한 작업에서 Render 데이터나 기능을 불러오거나 결과물을 만들 때 사용합니다.","작성/수정/생성, 빌드/실행/배포, 상호작용/화면 조작 중심. 대표 스킬: render-debug, render-deploy, render-migrate-from-heroku, render-monitor, render-workflows.","render-debug, render-deploy, render-migrate-from-heroku, render-monitor, render-workflows",확인 필요,외부 유료 플랜/API 과금 가능,확인 필요; 외부 서비스 인증 또는 권한 확인 필요. 비용/플랜: 외부 유료 플랜/API 과금 가능. 배포/클라우드 사용량 과금 가능
Developer Tools,Replit,"Replit을(를) 활용해 코드 저장소, 배포, 데이터베이스, 개발 워크플로, 앱/웹/게임 개발 및 실행 환경 구성을(를) Codex에서 처리하는 플러그인입니다.","코드 저장소, 배포, 데이터베이스, 개발 워크플로, 앱/웹/게임 개발 및 실행 환경 구성이(가) 필요한 작업에서 Replit 데이터나 기능을 불러오거나 결과물을 만들 때 사용합니다.","조회/검색/요약, 빌드/실행/배포 중심. 내부 스킬 설명서가 없거나 커넥터 중심으로 동작.",없음,필요 가능성 높음,외부 유료 플랜/API 과금 가능,필요 가능성 높음; 외부 서비스 인증 또는 권한 확인 필요. 비용/플랜: 외부 유료 플랜/API 과금 가능. 외부 앱/커넥터 인증이 필요할 수 있음 / 내부 스킬 설명서 없음 / 배포/클라우드 사용량 과금 가능
Developer Tools,SendGrid,"SendGrid을(를) 활용해 코드 저장소, 배포, 데이터베이스, 개발 워크플로을(를) Codex에서 처리하는 플러그인입니다.","코드 저장소, 배포, 데이터베이스, 개발 워크플로이(가) 필요한 작업에서 SendGrid 데이터나 기능을 불러오거나 결과물을 만들 때 사용합니다.",조회/검색/요약 중심. 내부 스킬 설명서가 없거나 커넥터 중심으로 동작.,없음,필요 가능성 높음,외부 유료 플랜/API 과금 가능,필요 가능성 높음; 외부 서비스 인증 또는 권한 확인 필요. 비용/플랜: 외부 유료 플랜/API 과금 가능. 외부 앱/커넥터 인증이 필요할 수 있음 / 내부 스킬 설명서 없음
Developer Tools,Sentry,"Sentry을(를) 활용해 코드 저장소, 배포, 데이터베이스, 개발 워크플로을(를) Codex에서 처리하는 플러그인입니다.","코드 저장소, 배포, 데이터베이스, 개발 워크플로이(가) 필요한 작업에서 Sentry 데이터나 기능을 불러오거나 결과물을 만들 때 사용합니다.","조회/검색/요약, 작성/수정/생성, 상호작용/화면 조작 중심. 대표 스킬: sentry.",sentry,확인 필요,확인 필요,확인 필요; 외부 서비스 인증 또는 권한 확인 필요. 비용/플랜: 무료/유료 여부는 메타데이터만으로 단정 불가. 서비스 정책 및 권한 확인 필요
Developer Tools,Shopify,"Shopify을(를) 활용해 코드 저장소, 배포, 데이터베이스, 개발 워크플로, 앱/웹/게임 개발 및 실행 환경 구성을(를) Codex에서 처리하는 플러그인입니다.","코드 저장소, 배포, 데이터베이스, 개발 워크플로, 앱/웹/게임 개발 및 실행 환경 구성이(가) 필요한 작업에서 Shopify 데이터나 기능을 불러오거나 결과물을 만들 때 사용합니다.","조회/검색/요약, 작성/수정/생성, 빌드/실행/배포 중심. 대표 스킬: shopify-admin, shopify-app-store-review, shopify-custom-data, shopify-customer, shopify-dev.","shopify-admin, shopify-app-store-review, shopify-custom-data, shopify-customer, shopify-dev",필요 가능성 높음,외부 유료 플랜/API 과금 가능,필요 가능성 높음; 외부 서비스 인증 또는 권한 확인 필요. 비용/플랜: 외부 유료 플랜/API 과금 가능. 외부 앱/커넥터 인증이 필요할 수 있음
Developer Tools,Statsig,Statsig을(를) 활용해 개발 도구을(를) Codex에서 처리하는 플러그인입니다.,개발 도구이(가) 필요한 작업에서 Statsig 데이터나 기능을 불러오거나 결과물을 만들 때 사용합니다.,조회/검색/요약 중심. 내부 스킬 설명서가 없거나 커넥터 중심으로 동작.,없음,필요 가능성 높음,확인 필요,필요 가능성 높음; 외부 서비스 인증 또는 권한 확인 필요. 비용/플랜: 무료/유료 여부는 메타데이터만으로 단정 불가. 외부 앱/커넥터 인증이 필요할 수 있음 / 내부 스킬 설명서 없음
Developer Tools,Supabase,"Supabase을(를) 활용해 코드 저장소, 배포, 데이터베이스, 개발 워크플로, 앱/웹/게임 개발 및 실행 환경 구성을(를) Codex에서 처리하는 플러그인입니다.","코드 저장소, 배포, 데이터베이스, 개발 워크플로, 앱/웹/게임 개발 및 실행 환경 구성이(가) 필요한 작업에서 Supabase 데이터나 기능을 불러오거나 결과물을 만들 때 사용합니다.","조회/검색/요약, 작성/수정/생성 중심. 대표 스킬: supabase, supabase-postgres-best-practices.","supabase, supabase-postgres-best-practices",필요 가능성 높음,확인 필요,필요 가능성 높음; 외부 서비스 인증 또는 권한 확인 필요. 비용/플랜: 무료/유료 여부는 메타데이터만으로 단정 불가. 외부 앱/커넥터 인증이 필요할 수 있음
Developer Tools,Superpowers,Superpowers을(를) 활용해 개발 도구을(를) Codex에서 처리하는 플러그인입니다.,개발 도구이(가) 필요한 작업에서 Superpowers 데이터나 기능을 불러오거나 결과물을 만들 때 사용합니다.,"조회/검색/요약, 작성/수정/생성, 빌드/실행/배포, 상호작용/화면 조작 중심. 대표 스킬: brainstorming, dispatching-parallel-agents, executing-plans, finishing-a-development-branch, receiving-code-review.","brainstorming, dispatching-parallel-agents, executing-plans, finishing-a-development-branch, receiving-code-review",불필요,Codex 기능 범위 내,계정 연결 없이 로컬/번들 기능 중심으로 사용 가능. 비용/플랜: Codex 기능 범위 내. 서비스 정책 및 권한 확인 필요
Developer Tools,Temporal,Temporal을(를) 활용해 앱/웹/게임 개발 및 실행 환경 구성을(를) Codex에서 처리하는 플러그인입니다.,앱/웹/게임 개발 및 실행 환경 구성이(가) 필요한 작업에서 Temporal 데이터나 기능을 불러오거나 결과물을 만들 때 사용합니다.,"조회/검색/요약, 작성/수정/생성, 빌드/실행/배포 중심. 대표 스킬: temporal-developer.",temporal-developer,확인 필요,외부 유료 플랜/API 과금 가능,확인 필요; 외부 서비스 인증 또는 권한 확인 필요. 비용/플랜: 외부 유료 플랜/API 과금 가능. 배포/클라우드 사용량 과금 가능
Developer Tools,Test Android Apps,"Test Android Apps을(를) 활용해 코드 저장소, 배포, 데이터베이스, 개발 워크플로, 앱/웹/게임 개발 및 실행 환경 구성을(를) Codex에서 처리하는 플러그인입니다.","코드 저장소, 배포, 데이터베이스, 개발 워크플로, 앱/웹/게임 개발 및 실행 환경 구성이(가) 필요한 작업에서 Test Android Apps 데이터나 기능을 불러오거나 결과물을 만들 때 사용합니다.","조회/검색/요약, 빌드/실행/배포, 상호작용/화면 조작 중심. 대표 스킬: android-emulator-qa, android-performance.","android-emulator-qa, android-performance",필요 가능성 있음,확인 필요,필요 가능성 있음; 외부 서비스 인증 또는 권한 확인 필요. 비용/플랜: 무료/유료 여부는 메타데이터만으로 단정 불가. 서비스 정책 및 권한 확인 필요
Developer Tools,Twilio Developer Kit,Twilio Developer Kit을(를) 활용해 앱/웹/게임 개발 및 실행 환경 구성을(를) Codex에서 처리하는 플러그인입니다.,앱/웹/게임 개발 및 실행 환경 구성이(가) 필요한 작업에서 Twilio Developer Kit 데이터나 기능을 불러오거나 결과물을 만들 때 사용합니다.,"조회/검색/요약, 작성/수정/생성, 빌드/실행/배포 중심. 대표 스킬: conversation-intelligence, twilio-account-setup, twilio-agent-augmentation-architect, twilio-agent-connect, twilio-ai-agent-architect.","conversation-intelligence, twilio-account-setup, twilio-agent-augmentation-architect, twilio-agent-connect, twilio-ai-agent-architect",필요 가능성 있음,외부 유료 플랜/API 과금 가능,필요 가능성 있음; 외부 서비스 인증 또는 권한 확인 필요. 비용/플랜: 외부 유료 플랜/API 과금 가능. 서비스 정책 및 권한 확인 필요
Developer Tools,Vantage,Vantage을(를) 활용해 개발 도구을(를) Codex에서 처리하는 플러그인입니다.,개발 도구이(가) 필요한 작업에서 Vantage 데이터나 기능을 불러오거나 결과물을 만들 때 사용합니다.,조회/검색/요약 중심. 내부 스킬 설명서가 없거나 커넥터 중심으로 동작.,없음,필요 가능성 높음,외부 유료 플랜/API 과금 가능,필요 가능성 높음; 외부 서비스 인증 또는 권한 확인 필요. 비용/플랜: 외부 유료 플랜/API 과금 가능. 외부 앱/커넥터 인증이 필요할 수 있음 / 내부 스킬 설명서 없음 / 배포/클라우드 사용량 과금 가능
Developer Tools,Vercel,"Vercel을(를) 활용해 웹앱 배포, 호스팅, Vercel 프로젝트 관리을(를) Codex에서 처리하는 플러그인입니다.","웹앱 배포, 호스팅, Vercel 프로젝트 관리이(가) 필요한 작업에서 Vercel 데이터나 기능을 불러오거나 결과물을 만들 때 사용합니다.","작성/수정/생성, 빌드/실행/배포, 상호작용/화면 조작 중심. 대표 스킬: agent-browser, agent-browser-verify, ai-elements, ai-gateway, ai-generation-persistence.","agent-browser, agent-browser-verify, ai-elements, ai-gateway, ai-generation-persistence",필요 가능성 높음,외부 유료 플랜/API 과금 가능,필요 가능성 높음; 외부 서비스 인증 또는 권한 확인 필요. 비용/플랜: 외부 유료 플랜/API 과금 가능. 외부 앱/커넥터 인증이 필요할 수 있음 / 배포/클라우드 사용량 과금 가능
Developer Tools,Wix,Wix을(를) 활용해 앱/웹/게임 개발 및 실행 환경 구성을(를) Codex에서 처리하는 플러그인입니다.,앱/웹/게임 개발 및 실행 환경 구성이(가) 필요한 작업에서 Wix 데이터나 기능을 불러오거나 결과물을 만들 때 사용합니다.,"조회/검색/요약, 작성/수정/생성, 빌드/실행/배포, 상호작용/화면 조작 중심. 대표 스킬: wix-app, wix-design-system, wix-headless, wix-manage.","wix-app, wix-design-system, wix-headless, wix-manage",필요 가능성 높음,외부 유료 플랜/API 과금 가능,필요 가능성 높음; 외부 서비스 인증 또는 권한 확인 필요. 비용/플랜: 외부 유료 플랜/API 과금 가능. 외부 앱/커넥터 인증이 필요할 수 있음 / 배포/클라우드 사용량 과금 가능
Developer Tools,YepCode,YepCode을(를) 활용해 개발 도구을(를) Codex에서 처리하는 플러그인입니다.,개발 도구이(가) 필요한 작업에서 YepCode 데이터나 기능을 불러오거나 결과물을 만들 때 사용합니다.,빌드/실행/배포 중심. 내부 스킬 설명서가 없거나 커넥터 중심으로 동작.,없음,필요 가능성 높음,확인 필요,필요 가능성 높음; 외부 서비스 인증 또는 권한 확인 필요. 비용/플랜: 무료/유료 여부는 메타데이터만으로 단정 불가. 외부 앱/커넥터 인증이 필요할 수 있음 / 내부 스킬 설명서 없음
Education & Research,Dow Jones Factiva,"Dow Jones Factiva을(를) 활용해 메일 검색, 답장 초안 작성, 수신함 정리, 시장/기업/투자 분석, 재무 데이터 검토을(를) Codex에서 처리하는 플러그인입니다.","메일 검색, 답장 초안 작성, 수신함 정리, 시장/기업/투자 분석, 재무 데이터 검토이(가) 필요한 작업에서 Dow Jones Factiva 데이터나 기능을 불러오거나 결과물을 만들 때 사용합니다.","조회/검색/요약, 빌드/실행/배포 중심. 내부 스킬 설명서가 없거나 커넥터 중심으로 동작.",없음,필요 가능성 높음,구독 필요,필요 가능성 높음; 외부 서비스 인증 또는 권한 확인 필요. 비용/플랜: 구독 필요. 외부 앱/커넥터 인증이 필요할 수 있음 / 내부 스킬 설명서 없음 / 외부 구독 조건 확인 필요
Education & Research,GovTribe,GovTribe을(를) 활용해 교육/리서치을(를) Codex에서 처리하는 플러그인입니다.,교육/리서치이(가) 필요한 작업에서 GovTribe 데이터나 기능을 불러오거나 결과물을 만들 때 사용합니다.,조회/검색/요약 중심. 내부 스킬 설명서가 없거나 커넥터 중심으로 동작.,없음,필요 가능성 높음,확인 필요,필요 가능성 높음; 외부 서비스 인증 또는 권한 확인 필요. 비용/플랜: 무료/유료 여부는 메타데이터만으로 단정 불가. 외부 앱/커넥터 인증이 필요할 수 있음 / 내부 스킬 설명서 없음
Education & Research,Life Science Research,"Life Science Research을(를) 활용해 데이터 분석, KPI 진단, 리포트/대시보드 작성, 코드 저장소, 배포, 데이터베이스, 개발 워크플로을(를) Codex에서 처리하는 플러그인입니다.","데이터 분석, KPI 진단, 리포트/대시보드 작성, 코드 저장소, 배포, 데이터베이스, 개발 워크플로이(가) 필요한 작업에서 Life Science Research 데이터나 기능을 불러오거나 결과물을 만들 때 사용합니다.","조회/검색/요약, 작성/수정/생성, 상호작용/화면 조작 중심. 대표 스킬: alphafold-skill, bgee-skill, bindingdb-skill, biobankjapan-phewas-skill, biorxiv-skill.","alphafold-skill, bgee-skill, bindingdb-skill, biobankjapan-phewas-skill, biorxiv-skill",필요 가능성 있음,확인 필요,필요 가능성 있음; 외부 서비스 인증 또는 권한 확인 필요. 비용/플랜: 무료/유료 여부는 메타데이터만으로 단정 불가. 서비스 정책 및 권한 확인 필요
Education & Research,Life Sciences NGS Analysis,"Life Sciences NGS Analysis을(를) 활용해 CRM, 영업 파이프라인, 계정/리드 조사, GTM 업무, 데이터 분석, KPI 진단, 리포트/대시보드 작성을(를) Codex에서 처리하는 플러그인입니다.","CRM, 영업 파이프라인, 계정/리드 조사, GTM 업무, 데이터 분석, KPI 진단, 리포트/대시보드 작성이(가) 필요한 작업에서 Life Sciences NGS Analysis 데이터나 기능을 불러오거나 결과물을 만들 때 사용합니다.","조회/검색/요약, 작성/수정/생성, 상호작용/화면 조작 중심. 대표 스킬: ngs-amplicon-microbiome, ngs-analysis-router, ngs-atacseq-peaks-qc, ngs-bcl-to-fastq, ngs-bulk-rnaseq.","ngs-amplicon-microbiome, ngs-analysis-router, ngs-atacseq-peaks-qc, ngs-bcl-to-fastq, ngs-bulk-rnaseq",확인 필요,확인 필요,확인 필요; 외부 서비스 인증 또는 권한 확인 필요. 비용/플랜: 무료/유료 여부는 메타데이터만으로 단정 불가. 서비스 정책 및 권한 확인 필요
Education & Research,Midpage,"Midpage을(를) 활용해 코드 저장소, 배포, 데이터베이스, 개발 워크플로, 연구자료 탐색, 과학/의학 데이터 분석을(를) Codex에서 처리하는 플러그인입니다.","코드 저장소, 배포, 데이터베이스, 개발 워크플로, 연구자료 탐색, 과학/의학 데이터 분석이(가) 필요한 작업에서 Midpage 데이터나 기능을 불러오거나 결과물을 만들 때 사용합니다.",조회/검색/요약 중심. 내부 스킬 설명서가 없거나 커넥터 중심으로 동작.,없음,필요 가능성 높음,확인 필요,필요 가능성 높음; 외부 서비스 인증 또는 권한 확인 필요. 비용/플랜: 무료/유료 여부는 메타데이터만으로 단정 불가. 외부 앱/커넥터 인증이 필요할 수 있음 / 내부 스킬 설명서 없음
Education & Research,Particl Market Research,"Particl Market Research을(를) 활용해 시장/기업/투자 분석, 재무 데이터 검토, 연구자료 탐색, 과학/의학 데이터 분석을(를) Codex에서 처리하는 플러그인입니다.","시장/기업/투자 분석, 재무 데이터 검토, 연구자료 탐색, 과학/의학 데이터 분석이(가) 필요한 작업에서 Particl Market Research 데이터나 기능을 불러오거나 결과물을 만들 때 사용합니다.",조회/검색/요약 중심. 내부 스킬 설명서가 없거나 커넥터 중심으로 동작.,없음,필요 가능성 높음,외부 유료 플랜/API 과금 가능,필요 가능성 높음; 외부 서비스 인증 또는 권한 확인 필요. 비용/플랜: 외부 유료 플랜/API 과금 가능. 외부 앱/커넥터 인증이 필요할 수 있음 / 내부 스킬 설명서 없음
Education & Research,PolicyNote,PolicyNote을(를) 활용해 앱/웹/게임 개발 및 실행 환경 구성을(를) Codex에서 처리하는 플러그인입니다.,앱/웹/게임 개발 및 실행 환경 구성이(가) 필요한 작업에서 PolicyNote 데이터나 기능을 불러오거나 결과물을 만들 때 사용합니다.,조회/검색/요약 중심. 내부 스킬 설명서가 없거나 커넥터 중심으로 동작.,없음,필요 가능성 높음,확인 필요,필요 가능성 높음; 외부 서비스 인증 또는 권한 확인 필요. 비용/플랜: 무료/유료 여부는 메타데이터만으로 단정 불가. 외부 앱/커넥터 인증이 필요할 수 있음 / 내부 스킬 설명서 없음
Education & Research,Readwise,"Readwise을(를) 활용해 코드 저장소, 배포, 데이터베이스, 개발 워크플로, 앱/웹/게임 개발 및 실행 환경 구성을(를) Codex에서 처리하는 플러그인입니다.","코드 저장소, 배포, 데이터베이스, 개발 워크플로, 앱/웹/게임 개발 및 실행 환경 구성이(가) 필요한 작업에서 Readwise 데이터나 기능을 불러오거나 결과물을 만들 때 사용합니다.",조회/검색/요약 중심. 내부 스킬 설명서가 없거나 커넥터 중심으로 동작.,없음,필요 가능성 높음,확인 필요,필요 가능성 높음; 외부 서비스 인증 또는 권한 확인 필요. 비용/플랜: 무료/유료 여부는 메타데이터만으로 단정 불가. 외부 앱/커넥터 인증이 필요할 수 있음 / 내부 스킬 설명서 없음
Education & Research,Scite,"Scite을(를) 활용해 코드 저장소, 배포, 데이터베이스, 개발 워크플로, 연구자료 탐색, 과학/의학 데이터 분석을(를) Codex에서 처리하는 플러그인입니다.","코드 저장소, 배포, 데이터베이스, 개발 워크플로, 연구자료 탐색, 과학/의학 데이터 분석이(가) 필요한 작업에서 Scite 데이터나 기능을 불러오거나 결과물을 만들 때 사용합니다.","조회/검색/요약, 빌드/실행/배포 중심. 내부 스킬 설명서가 없거나 커넥터 중심으로 동작.",없음,필요 가능성 높음,확인 필요,필요 가능성 높음; 외부 서비스 인증 또는 권한 확인 필요. 비용/플랜: 무료/유료 여부는 메타데이터만으로 단정 불가. 외부 앱/커넥터 인증이 필요할 수 있음 / 내부 스킬 설명서 없음
Education & Research,Zotero,"Zotero을(를) 활용해 데이터 분석, KPI 진단, 리포트/대시보드 작성, 코드 저장소, 배포, 데이터베이스, 개발 워크플로을(를) Codex에서 처리하는 플러그인입니다.","데이터 분석, KPI 진단, 리포트/대시보드 작성, 코드 저장소, 배포, 데이터베이스, 개발 워크플로이(가) 필요한 작업에서 Zotero 데이터나 기능을 불러오거나 결과물을 만들 때 사용합니다.","조회/검색/요약, 작성/수정/생성, 상호작용/화면 조작 중심. 대표 스킬: Zotero.",Zotero,확인 필요,확인 필요,확인 필요; 외부 서비스 인증 또는 권한 확인 필요. 비용/플랜: 무료/유료 여부는 메타데이터만으로 단정 불가. 서비스 정책 및 권한 확인 필요
Engineering,Browser,"Browser을(를) 활용해 브라우저, 데스크톱 앱, 로컬 환경 조작, 앱/웹/게임 개발 및 실행 환경 구성을(를) Codex에서 처리하는 플러그인입니다.","브라우저, 데스크톱 앱, 로컬 환경 조작, 앱/웹/게임 개발 및 실행 환경 구성이(가) 필요한 작업에서 Browser 데이터나 기능을 불러오거나 결과물을 만들 때 사용합니다.","조회/검색/요약, 작성/수정/생성, 빌드/실행/배포, 상호작용/화면 조작 중심. 대표 스킬: control-in-app-browser.",control-in-app-browser,불필요,Codex 기능 범위 내,계정 연결 없이 로컬/번들 기능 중심으로 사용 가능. 비용/플랜: Codex 기능 범위 내. 배포/클라우드 사용량 과금 가능 / OpenAI 번들/로컬 런타임
Finance,Aiera,"Aiera을(를) 활용해 코드 저장소, 배포, 데이터베이스, 개발 워크플로, 시장/기업/투자 분석, 재무 데이터 검토을(를) Codex에서 처리하는 플러그인입니다.","코드 저장소, 배포, 데이터베이스, 개발 워크플로, 시장/기업/투자 분석, 재무 데이터 검토이(가) 필요한 작업에서 Aiera 데이터나 기능을 불러오거나 결과물을 만들 때 사용합니다.","조회/검색/요약, 빌드/실행/배포 중심. 내부 스킬 설명서가 없거나 커넥터 중심으로 동작.",없음,필요 가능성 높음,확인 필요,필요 가능성 높음; 외부 서비스 인증 또는 권한 확인 필요. 비용/플랜: 무료/유료 여부는 메타데이터만으로 단정 불가. 외부 앱/커넥터 인증이 필요할 수 있음 / 내부 스킬 설명서 없음
Finance,Alpaca,"Alpaca을(를) 활용해 시장/기업/투자 분석, 재무 데이터 검토을(를) Codex에서 처리하는 플러그인입니다.","시장/기업/투자 분석, 재무 데이터 검토이(가) 필요한 작업에서 Alpaca 데이터나 기능을 불러오거나 결과물을 만들 때 사용합니다.",작업 보조 중심. 내부 스킬 설명서가 없거나 커넥터 중심으로 동작.,없음,필요 가능성 높음,외부 유료 플랜/API 과금 가능,필요 가능성 높음; 외부 서비스 인증 또는 권한 확인 필요. 비용/플랜: 외부 유료 플랜/API 과금 가능. 외부 앱/커넥터 인증이 필요할 수 있음 / 내부 스킬 설명서 없음
Finance,Binance,"Binance을(를) 활용해 데이터 분석, KPI 진단, 리포트/대시보드 작성, 시장/기업/투자 분석, 재무 데이터 검토을(를) Codex에서 처리하는 플러그인입니다.","데이터 분석, KPI 진단, 리포트/대시보드 작성, 시장/기업/투자 분석, 재무 데이터 검토이(가) 필요한 작업에서 Binance 데이터나 기능을 불러오거나 결과물을 만들 때 사용합니다.","조회/검색/요약, 빌드/실행/배포 중심. 내부 스킬 설명서가 없거나 커넥터 중심으로 동작.",없음,필요 가능성 높음,외부 유료 플랜/API 과금 가능,필요 가능성 높음; 외부 서비스 인증 또는 권한 확인 필요. 비용/플랜: 외부 유료 플랜/API 과금 가능. 외부 앱/커넥터 인증이 필요할 수 있음 / 내부 스킬 설명서 없음
Finance,Brex,"Brex을(를) 활용해 시장/기업/투자 분석, 재무 데이터 검토을(를) Codex에서 처리하는 플러그인입니다.","시장/기업/투자 분석, 재무 데이터 검토이(가) 필요한 작업에서 Brex 데이터나 기능을 불러오거나 결과물을 만들 때 사용합니다.",작업 보조 중심. 내부 스킬 설명서가 없거나 커넥터 중심으로 동작.,없음,필요 가능성 높음,확인 필요,필요 가능성 높음; 외부 서비스 인증 또는 권한 확인 필요. 비용/플랜: 무료/유료 여부는 메타데이터만으로 단정 불가. 외부 앱/커넥터 인증이 필요할 수 있음 / 내부 스킬 설명서 없음
Finance,CB Insights,"CB Insights을(를) 활용해 시장/기업/투자 분석, 재무 데이터 검토, 연구자료 탐색, 과학/의학 데이터 분석을(를) Codex에서 처리하는 플러그인입니다.","시장/기업/투자 분석, 재무 데이터 검토, 연구자료 탐색, 과학/의학 데이터 분석이(가) 필요한 작업에서 CB Insights 데이터나 기능을 불러오거나 결과물을 만들 때 사용합니다.","조회/검색/요약, 빌드/실행/배포 중심. 내부 스킬 설명서가 없거나 커넥터 중심으로 동작.",없음,필요 가능성 높음,확인 필요,필요 가능성 높음; 외부 서비스 인증 또는 권한 확인 필요. 비용/플랜: 무료/유료 여부는 메타데이터만으로 단정 불가. 외부 앱/커넥터 인증이 필요할 수 있음 / 내부 스킬 설명서 없음
Finance,Chronograph,"Chronograph을(를) 활용해 일정 확인, 미팅 요약, 가용 시간 탐색, 데이터 분석, KPI 진단, 리포트/대시보드 작성을(를) Codex에서 처리하는 플러그인입니다.","일정 확인, 미팅 요약, 가용 시간 탐색, 데이터 분석, KPI 진단, 리포트/대시보드 작성이(가) 필요한 작업에서 Chronograph 데이터나 기능을 불러오거나 결과물을 만들 때 사용합니다.","조회/검색/요약, 작성/수정/생성 중심. 대표 스킬: chronograph-cashflow-forecast, chronograph-gp-meeting-prep, chronograph-portfolio-company-one-pager.","chronograph-cashflow-forecast, chronograph-gp-meeting-prep, chronograph-portfolio-company-one-pager",필요 가능성 높음,외부 유료 플랜/API 과금 가능,필요 가능성 높음; 외부 서비스 인증 또는 권한 확인 필요. 비용/플랜: 외부 유료 플랜/API 과금 가능. 외부 앱/커넥터 인증이 필요할 수 있음
Finance,Cube,Cube을(를) 활용해 금융/투자을(를) Codex에서 처리하는 플러그인입니다.,금융/투자이(가) 필요한 작업에서 Cube 데이터나 기능을 불러오거나 결과물을 만들 때 사용합니다.,조회/검색/요약 중심. 내부 스킬 설명서가 없거나 커넥터 중심으로 동작.,없음,필요 가능성 높음,확인 필요,필요 가능성 높음; 외부 서비스 인증 또는 권한 확인 필요. 비용/플랜: 무료/유료 여부는 메타데이터만으로 단정 불가. 외부 앱/커넥터 인증이 필요할 수 있음 / 내부 스킬 설명서 없음
Finance,D&B Finance Analytics,"D&B Finance Analytics을(를) 활용해 데이터 분석, KPI 진단, 리포트/대시보드 작성, 코드 저장소, 배포, 데이터베이스, 개발 워크플로을(를) Codex에서 처리하는 플러그인입니다.","데이터 분석, KPI 진단, 리포트/대시보드 작성, 코드 저장소, 배포, 데이터베이스, 개발 워크플로이(가) 필요한 작업에서 D&B Finance Analytics 데이터나 기능을 불러오거나 결과물을 만들 때 사용합니다.","조회/검색/요약, 작성/수정/생성, 시각화/보고서화 중심. 대표 스킬: fa-jobs-to-be-done.",fa-jobs-to-be-done,필요 가능성 높음,확인 필요,필요 가능성 높음; 외부 서비스 인증 또는 권한 확인 필요. 비용/플랜: 무료/유료 여부는 메타데이터만으로 단정 불가. 외부 앱/커넥터 인증이 필요할 수 있음
Finance,Daloopa,"Daloopa을(를) 활용해 코드 저장소, 배포, 데이터베이스, 개발 워크플로, 시장/기업/투자 분석, 재무 데이터 검토을(를) Codex에서 처리하는 플러그인입니다.","코드 저장소, 배포, 데이터베이스, 개발 워크플로, 시장/기업/투자 분석, 재무 데이터 검토이(가) 필요한 작업에서 Daloopa 데이터나 기능을 불러오거나 결과물을 만들 때 사용합니다.","조회/검색/요약, 작성/수정/생성 중심. 대표 스킬: build-model, bull-bear, capital-allocation, comp-sheet, comps.","build-model, bull-bear, capital-allocation, comp-sheet, comps",필요 가능성 높음,확인 필요,필요 가능성 높음; 외부 서비스 인증 또는 권한 확인 필요. 비용/플랜: 무료/유료 여부는 메타데이터만으로 단정 불가. 외부 앱/커넥터 인증이 필요할 수 있음
Finance,FactSet,"FactSet을(를) 활용해 데이터 분석, KPI 진단, 리포트/대시보드 작성, 코드 저장소, 배포, 데이터베이스, 개발 워크플로을(를) Codex에서 처리하는 플러그인입니다.","데이터 분석, KPI 진단, 리포트/대시보드 작성, 코드 저장소, 배포, 데이터베이스, 개발 워크플로이(가) 필요한 작업에서 FactSet 데이터나 기능을 불러오거나 결과물을 만들 때 사용합니다.",조회/검색/요약 중심. 내부 스킬 설명서가 없거나 커넥터 중심으로 동작.,없음,필요 가능성 높음,외부 유료 플랜/API 과금 가능,필요 가능성 높음; 외부 서비스 인증 또는 권한 확인 필요. 비용/플랜: 외부 유료 플랜/API 과금 가능. 외부 앱/커넥터 인증이 필요할 수 있음 / 내부 스킬 설명서 없음
Finance,Fiscal AI,"Fiscal AI을(를) 활용해 코드 저장소, 배포, 데이터베이스, 개발 워크플로, 시장/기업/투자 분석, 재무 데이터 검토을(를) Codex에서 처리하는 플러그인입니다.","코드 저장소, 배포, 데이터베이스, 개발 워크플로, 시장/기업/투자 분석, 재무 데이터 검토이(가) 필요한 작업에서 Fiscal AI 데이터나 기능을 불러오거나 결과물을 만들 때 사용합니다.",조회/검색/요약 중심. 내부 스킬 설명서가 없거나 커넥터 중심으로 동작.,없음,필요 가능성 높음,확인 필요,필요 가능성 높음; 외부 서비스 인증 또는 권한 확인 필요. 비용/플랜: 무료/유료 여부는 메타데이터만으로 단정 불가. 외부 앱/커넥터 인증이 필요할 수 있음 / 내부 스킬 설명서 없음
Finance,Investment Banking,"Investment Banking을(를) 활용해 코드 저장소, 배포, 데이터베이스, 개발 워크플로, 시장/기업/투자 분석, 재무 데이터 검토을(를) Codex에서 처리하는 플러그인입니다.","코드 저장소, 배포, 데이터베이스, 개발 워크플로, 시장/기업/투자 분석, 재무 데이터 검토이(가) 필요한 작업에서 Investment Banking 데이터나 기능을 불러오거나 결과물을 만들 때 사용합니다.","조회/검색/요약, 작성/수정/생성, 상호작용/화면 조작 중심. 대표 스킬: buyer-investor-list, capital-markets-issuance, cim-builder, cim-teardown, company-tearsheet.","buyer-investor-list, capital-markets-issuance, cim-builder, cim-teardown, company-tearsheet",필요 가능성 높음,외부 유료 플랜/API 과금 가능,필요 가능성 높음; 외부 서비스 인증 또는 권한 확인 필요. 비용/플랜: 외부 유료 플랜/API 과금 가능. 외부 앱/커넥터 인증이 필요할 수 있음
Finance,KeyBid Puls,"KeyBid Puls을(를) 활용해 데이터 분석, KPI 진단, 리포트/대시보드 작성, 시장/기업/투자 분석, 재무 데이터 검토을(를) Codex에서 처리하는 플러그인입니다.","데이터 분석, KPI 진단, 리포트/대시보드 작성, 시장/기업/투자 분석, 재무 데이터 검토이(가) 필요한 작업에서 KeyBid Puls 데이터나 기능을 불러오거나 결과물을 만들 때 사용합니다.",작업 보조 중심. 내부 스킬 설명서가 없거나 커넥터 중심으로 동작.,없음,필요 가능성 높음,확인 필요,필요 가능성 높음; 외부 서비스 인증 또는 권한 확인 필요. 비용/플랜: 무료/유료 여부는 메타데이터만으로 단정 불가. 외부 앱/커넥터 인증이 필요할 수 있음 / 내부 스킬 설명서 없음
Finance,LSEG,"LSEG을(를) 활용해 문서, 표, 발표자료, 파일 기반 작업, 코드 저장소, 배포, 데이터베이스, 개발 워크플로을(를) Codex에서 처리하는 플러그인입니다.","문서, 표, 발표자료, 파일 기반 작업, 코드 저장소, 배포, 데이터베이스, 개발 워크플로이(가) 필요한 작업에서 LSEG 데이터나 기능을 불러오거나 결과물을 만들 때 사용합니다.",조회/검색/요약 중심. 내부 스킬 설명서가 없거나 커넥터 중심으로 동작.,없음,필요 가능성 높음,외부 유료 플랜/API 과금 가능,필요 가능성 높음; 외부 서비스 인증 또는 권한 확인 필요. 비용/플랜: 외부 유료 플랜/API 과금 가능. 외부 앱/커넥터 인증이 필요할 수 있음 / 내부 스킬 설명서 없음
Finance,Moody's,"Moody's을(를) 활용해 메일 검색, 답장 초안 작성, 수신함 정리, 문서, 표, 발표자료, 파일 기반 작업을(를) Codex에서 처리하는 플러그인입니다.","메일 검색, 답장 초안 작성, 수신함 정리, 문서, 표, 발표자료, 파일 기반 작업이(가) 필요한 작업에서 Moody's 데이터나 기능을 불러오거나 결과물을 만들 때 사용합니다.","조회/검색/요약, 작성/수정/생성 중심. 대표 스킬: moody-s-company-analysis, moody-s-explore-mcp.","moody-s-company-analysis, moody-s-explore-mcp",필요 가능성 높음,확인 필요,필요 가능성 높음; 외부 서비스 인증 또는 권한 확인 필요. 비용/플랜: 무료/유료 여부는 메타데이터만으로 단정 불가. 외부 앱/커넥터 인증이 필요할 수 있음
Finance,Morningstar,"Morningstar을(를) 활용해 연구자료 탐색, 과학/의학 데이터 분석, 앱/웹/게임 개발 및 실행 환경 구성을(를) Codex에서 처리하는 플러그인입니다.","연구자료 탐색, 과학/의학 데이터 분석, 앱/웹/게임 개발 및 실행 환경 구성이(가) 필요한 작업에서 Morningstar 데이터나 기능을 불러오거나 결과물을 만들 때 사용합니다.","조회/검색/요약, 작성/수정/생성, 상호작용/화면 조작 중심. 대표 스킬: fund-comparison, fund-screener, fund-summarizer.","fund-comparison, fund-screener, fund-summarizer",필요 가능성 높음,확인 필요,필요 가능성 높음; 외부 서비스 인증 또는 권한 확인 필요. 비용/플랜: 무료/유료 여부는 메타데이터만으로 단정 불가. 외부 앱/커넥터 인증이 필요할 수 있음
Finance,MT Newswires,"MT Newswires을(를) 활용해 데이터 분석, KPI 진단, 리포트/대시보드 작성, 코드 저장소, 배포, 데이터베이스, 개발 워크플로을(를) Codex에서 처리하는 플러그인입니다.","데이터 분석, KPI 진단, 리포트/대시보드 작성, 코드 저장소, 배포, 데이터베이스, 개발 워크플로이(가) 필요한 작업에서 MT Newswires 데이터나 기능을 불러오거나 결과물을 만들 때 사용합니다.","조회/검색/요약, 작성/수정/생성, 빌드/실행/배포 중심. 내부 스킬 설명서가 없거나 커넥터 중심으로 동작.",없음,필요 가능성 높음,외부 유료 플랜/API 과금 가능,필요 가능성 높음; 외부 서비스 인증 또는 권한 확인 필요. 비용/플랜: 외부 유료 플랜/API 과금 가능. 외부 앱/커넥터 인증이 필요할 수 있음 / 내부 스킬 설명서 없음
Finance,PitchBook,"PitchBook을(를) 활용해 코드 저장소, 배포, 데이터베이스, 개발 워크플로, 시장/기업/투자 분석, 재무 데이터 검토을(를) Codex에서 처리하는 플러그인입니다.","코드 저장소, 배포, 데이터베이스, 개발 워크플로, 시장/기업/투자 분석, 재무 데이터 검토이(가) 필요한 작업에서 PitchBook 데이터나 기능을 불러오거나 결과물을 만들 때 사용합니다.",작업 보조 중심. 내부 스킬 설명서가 없거나 커넥터 중심으로 동작.,없음,필요 가능성 높음,외부 유료 플랜/API 과금 가능,필요 가능성 높음; 외부 서비스 인증 또는 권한 확인 필요. 비용/플랜: 외부 유료 플랜/API 과금 가능. 외부 앱/커넥터 인증이 필요할 수 있음 / 내부 스킬 설명서 없음
Finance,Public Equity Investing,"Public Equity Investing을(를) 활용해 일정 확인, 미팅 요약, 가용 시간 탐색, 데이터 분석, KPI 진단, 리포트/대시보드 작성을(를) Codex에서 처리하는 플러그인입니다.","일정 확인, 미팅 요약, 가용 시간 탐색, 데이터 분석, KPI 진단, 리포트/대시보드 작성이(가) 필요한 작업에서 Public Equity Investing 데이터나 기능을 불러오거나 결과물을 만들 때 사용합니다.","조회/검색/요약, 작성/수정/생성, 상호작용/화면 조작 중심. 대표 스킬: catalyst-calendar, company-tearsheet, comps-valuation, dcf-model-builder, deck-report-qc.","catalyst-calendar, company-tearsheet, comps-valuation, dcf-model-builder, deck-report-qc",필요 가능성 높음,확인 필요,필요 가능성 높음; 외부 서비스 인증 또는 권한 확인 필요. 비용/플랜: 무료/유료 여부는 메타데이터만으로 단정 불가. 외부 앱/커넥터 인증이 필요할 수 있음
Finance,Quartr,"Quartr을(를) 활용해 시장/기업/투자 분석, 재무 데이터 검토을(를) Codex에서 처리하는 플러그인입니다.","시장/기업/투자 분석, 재무 데이터 검토이(가) 필요한 작업에서 Quartr 데이터나 기능을 불러오거나 결과물을 만들 때 사용합니다.",빌드/실행/배포 중심. 내부 스킬 설명서가 없거나 커넥터 중심으로 동작.,없음,필요 가능성 높음,확인 필요,필요 가능성 높음; 외부 서비스 인증 또는 권한 확인 필요. 비용/플랜: 무료/유료 여부는 메타데이터만으로 단정 불가. 외부 앱/커넥터 인증이 필요할 수 있음 / 내부 스킬 설명서 없음
Finance,Razorpay,"Razorpay을(를) 활용해 CRM, 영업 파이프라인, 계정/리드 조사, GTM 업무을(를) Codex에서 처리하는 플러그인입니다.","CRM, 영업 파이프라인, 계정/리드 조사, GTM 업무이(가) 필요한 작업에서 Razorpay 데이터나 기능을 불러오거나 결과물을 만들 때 사용합니다.",작업 보조 중심. 내부 스킬 설명서가 없거나 커넥터 중심으로 동작.,없음,필요 가능성 높음,확인 필요,필요 가능성 높음; 외부 서비스 인증 또는 권한 확인 필요. 비용/플랜: 무료/유료 여부는 메타데이터만으로 단정 불가. 외부 앱/커넥터 인증이 필요할 수 있음 / 내부 스킬 설명서 없음
Finance,S&P Global,"S&P Global을(를) 활용해 코드 저장소, 배포, 데이터베이스, 개발 워크플로, 시장/기업/투자 분석, 재무 데이터 검토을(를) Codex에서 처리하는 플러그인입니다.","코드 저장소, 배포, 데이터베이스, 개발 워크플로, 시장/기업/투자 분석, 재무 데이터 검토이(가) 필요한 작업에서 S&P Global 데이터나 기능을 불러오거나 결과물을 만들 때 사용합니다.",조회/검색/요약 중심. 내부 스킬 설명서가 없거나 커넥터 중심으로 동작.,없음,필요 가능성 높음,확인 필요,필요 가능성 높음; 외부 서비스 인증 또는 권한 확인 필요. 비용/플랜: 무료/유료 여부는 메타데이터만으로 단정 불가. 외부 앱/커넥터 인증이 필요할 수 있음 / 내부 스킬 설명서 없음
Finance,Setu Bharat Connect BillPay ,"Setu Bharat Connect BillPay 을(를) 활용해 데이터 분석, KPI 진단, 리포트/대시보드 작성, 앱/웹/게임 개발 및 실행 환경 구성을(를) Codex에서 처리하는 플러그인입니다.","데이터 분석, KPI 진단, 리포트/대시보드 작성, 앱/웹/게임 개발 및 실행 환경 구성이(가) 필요한 작업에서 Setu Bharat Connect BillPay  데이터나 기능을 불러오거나 결과물을 만들 때 사용합니다.",작업 보조 중심. 내부 스킬 설명서가 없거나 커넥터 중심으로 동작.,없음,필요 가능성 높음,확인 필요,필요 가능성 높음; 외부 서비스 인증 또는 권한 확인 필요. 비용/플랜: 무료/유료 여부는 메타데이터만으로 단정 불가. 외부 앱/커넥터 인증이 필요할 수 있음 / 내부 스킬 설명서 없음
Finance,Stripe,Stripe을(를) 활용해 금융/투자을(를) Codex에서 처리하는 플러그인입니다.,금융/투자이(가) 필요한 작업에서 Stripe 데이터나 기능을 불러오거나 결과물을 만들 때 사용합니다.,"작업 보조 중심. 대표 스킬: stripe-best-practices, upgrade-stripe.","stripe-best-practices, upgrade-stripe",필요 가능성 높음,확인 필요,필요 가능성 높음; 외부 서비스 인증 또는 권한 확인 필요. 비용/플랜: 무료/유료 여부는 메타데이터만으로 단정 불가. 외부 앱/커넥터 인증이 필요할 수 있음
Finance,Taxdown,"Taxdown을(를) 활용해 코드 저장소, 배포, 데이터베이스, 개발 워크플로을(를) Codex에서 처리하는 플러그인입니다.","코드 저장소, 배포, 데이터베이스, 개발 워크플로이(가) 필요한 작업에서 Taxdown 데이터나 기능을 불러오거나 결과물을 만들 때 사용합니다.",조회/검색/요약 중심. 내부 스킬 설명서가 없거나 커넥터 중심으로 동작.,없음,필요 가능성 높음,확인 필요,필요 가능성 높음; 외부 서비스 인증 또는 권한 확인 필요. 비용/플랜: 무료/유료 여부는 메타데이터만으로 단정 불가. 외부 앱/커넥터 인증이 필요할 수 있음 / 내부 스킬 설명서 없음
Finance,Third Bridge,"Third Bridge을(를) 활용해 코드 저장소, 배포, 데이터베이스, 개발 워크플로을(를) Codex에서 처리하는 플러그인입니다.","코드 저장소, 배포, 데이터베이스, 개발 워크플로이(가) 필요한 작업에서 Third Bridge 데이터나 기능을 불러오거나 결과물을 만들 때 사용합니다.",작업 보조 중심. 내부 스킬 설명서가 없거나 커넥터 중심으로 동작.,없음,필요 가능성 높음,확인 필요,필요 가능성 높음; 외부 서비스 인증 또는 권한 확인 필요. 비용/플랜: 무료/유료 여부는 메타데이터만으로 단정 불가. 외부 앱/커넥터 인증이 필요할 수 있음 / 내부 스킬 설명서 없음
Finance,Tinman AI,"Tinman AI을(를) 활용해 코드 저장소, 배포, 데이터베이스, 개발 워크플로, 앱/웹/게임 개발 및 실행 환경 구성을(를) Codex에서 처리하는 플러그인입니다.","코드 저장소, 배포, 데이터베이스, 개발 워크플로, 앱/웹/게임 개발 및 실행 환경 구성이(가) 필요한 작업에서 Tinman AI 데이터나 기능을 불러오거나 결과물을 만들 때 사용합니다.",작성/수정/생성 중심. 내부 스킬 설명서가 없거나 커넥터 중심으로 동작.,없음,필요 가능성 높음,확인 필요,필요 가능성 높음; 외부 서비스 인증 또는 권한 확인 필요. 비용/플랜: 무료/유료 여부는 메타데이터만으로 단정 불가. 외부 앱/커넥터 인증이 필요할 수 있음 / 내부 스킬 설명서 없음
Other,Cogedim,"Cogedim을(를) 활용해 CRM, 영업 파이프라인, 계정/리드 조사, GTM 업무을(를) Codex에서 처리하는 플러그인입니다.","CRM, 영업 파이프라인, 계정/리드 조사, GTM 업무이(가) 필요한 작업에서 Cogedim 데이터나 기능을 불러오거나 결과물을 만들 때 사용합니다.",작업 보조 중심. 내부 스킬 설명서가 없거나 커넥터 중심으로 동작.,없음,필요 가능성 높음,확인 필요,필요 가능성 높음; 외부 서비스 인증 또는 권한 확인 필요. 비용/플랜: 무료/유료 여부는 메타데이터만으로 단정 불가. 외부 앱/커넥터 인증이 필요할 수 있음 / 내부 스킬 설명서 없음
Other,MyRegistry.com,MyRegistry.com을(를) 활용해 Other을(를) Codex에서 처리하는 플러그인입니다.,Other이(가) 필요한 작업에서 MyRegistry.com 데이터나 기능을 불러오거나 결과물을 만들 때 사용합니다.,작업 보조 중심. 내부 스킬 설명서가 없거나 커넥터 중심으로 동작.,없음,필요 가능성 높음,확인 필요,필요 가능성 높음; 외부 서비스 인증 또는 권한 확인 필요. 비용/플랜: 무료/유료 여부는 메타데이터만으로 단정 불가. 외부 앱/커넥터 인증이 필요할 수 있음 / 내부 스킬 설명서 없음
Productivity,Airtable,"Airtable을(를) 활용해 코드 저장소, 배포, 데이터베이스, 개발 워크플로, 앱/웹/게임 개발 및 실행 환경 구성을(를) Codex에서 처리하는 플러그인입니다.","코드 저장소, 배포, 데이터베이스, 개발 워크플로, 앱/웹/게임 개발 및 실행 환경 구성이(가) 필요한 작업에서 Airtable 데이터나 기능을 불러오거나 결과물을 만들 때 사용합니다.","조회/검색/요약, 작성/수정/생성 중심. 대표 스킬: airtable-cli, airtable-filters, airtable-overview.","airtable-cli, airtable-filters, airtable-overview",필요 가능성 높음,확인 필요,필요 가능성 높음; 외부 서비스 인증 또는 권한 확인 필요. 비용/플랜: 무료/유료 여부는 메타데이터만으로 단정 불가. 외부 앱/커넥터 인증이 필요할 수 있음
Productivity,Asana,"Asana을(를) 활용해 이미지, 영상, 미디어, 디자인 콘텐츠 제작을(를) Codex에서 처리하는 플러그인입니다.","이미지, 영상, 미디어, 디자인 콘텐츠 제작이(가) 필요한 작업에서 Asana 데이터나 기능을 불러오거나 결과물을 만들 때 사용합니다.","조회/검색/요약, 작성/수정/생성, 상호작용/화면 조작 중심. 내부 스킬 설명서가 없거나 커넥터 중심으로 동작.",없음,필요 가능성 높음,확인 필요,필요 가능성 높음; 외부 서비스 인증 또는 권한 확인 필요. 비용/플랜: 무료/유료 여부는 메타데이터만으로 단정 불가. 외부 앱/커넥터 인증이 필요할 수 있음 / 내부 스킬 설명서 없음
Productivity,Atlassian Rovo,"Atlassian Rovo을(를) 활용해 일정 확인, 미팅 요약, 가용 시간 탐색, 데이터 분석, KPI 진단, 리포트/대시보드 작성을(를) Codex에서 처리하는 플러그인입니다.","일정 확인, 미팅 요약, 가용 시간 탐색, 데이터 분석, KPI 진단, 리포트/대시보드 작성이(가) 필요한 작업에서 Atlassian Rovo 데이터나 기능을 불러오거나 결과물을 만들 때 사용합니다.","작성/수정/생성, 상호작용/화면 조작 중심. 대표 스킬: capture-tasks-from-meeting-notes, generate-status-report, search-company-knowledge, spec-to-backlog, triage-issue.","capture-tasks-from-meeting-notes, generate-status-report, search-company-knowledge, spec-to-backlog, triage-issue",필요 가능성 높음,확인 필요,필요 가능성 높음; 외부 서비스 인증 또는 권한 확인 필요. 비용/플랜: 무료/유료 여부는 메타데이터만으로 단정 불가. 외부 앱/커넥터 인증이 필요할 수 있음
Productivity,Box,"Box을(를) 활용해 문서, 표, 발표자료, 파일 기반 작업, 코드 저장소, 배포, 데이터베이스, 개발 워크플로을(를) Codex에서 처리하는 플러그인입니다.","문서, 표, 발표자료, 파일 기반 작업, 코드 저장소, 배포, 데이터베이스, 개발 워크플로이(가) 필요한 작업에서 Box 데이터나 기능을 불러오거나 결과물을 만들 때 사용합니다.",조회/검색/요약 중심. 대표 스킬: box-content-api.,box-content-api,필요 가능성 높음,확인 필요,필요 가능성 높음; 외부 서비스 인증 또는 권한 확인 필요. 비용/플랜: 무료/유료 여부는 메타데이터만으로 단정 불가. 외부 앱/커넥터 인증이 필요할 수 있음
Productivity,Brand24,"Brand24을(를) 활용해 데이터 분석, KPI 진단, 리포트/대시보드 작성, 시장/기업/투자 분석, 재무 데이터 검토을(를) Codex에서 처리하는 플러그인입니다.","데이터 분석, KPI 진단, 리포트/대시보드 작성, 시장/기업/투자 분석, 재무 데이터 검토이(가) 필요한 작업에서 Brand24 데이터나 기능을 불러오거나 결과물을 만들 때 사용합니다.",작업 보조 중심. 내부 스킬 설명서가 없거나 커넥터 중심으로 동작.,없음,필요 가능성 높음,확인 필요,필요 가능성 높음; 외부 서비스 인증 또는 권한 확인 필요. 비용/플랜: 무료/유료 여부는 메타데이터만으로 단정 불가. 외부 앱/커넥터 인증이 필요할 수 있음 / 내부 스킬 설명서 없음
Productivity,BrightHire,BrightHire을(를) 활용해 문서/생산성을(를) Codex에서 처리하는 플러그인입니다.,문서/생산성이(가) 필요한 작업에서 BrightHire 데이터나 기능을 불러오거나 결과물을 만들 때 사용합니다.,"조회/검색/요약, 상호작용/화면 조작 중심. 대표 스킬: brighthire.",brighthire,필요 가능성 높음,확인 필요,필요 가능성 높음; 외부 서비스 인증 또는 권한 확인 필요. 비용/플랜: 무료/유료 여부는 메타데이터만으로 단정 불가. 외부 앱/커넥터 인증이 필요할 수 있음
Productivity,Calendly,"Calendly을(를) 활용해 일정 확인, 미팅 요약, 가용 시간 탐색, 데이터 분석, KPI 진단, 리포트/대시보드 작성을(를) Codex에서 처리하는 플러그인입니다.","일정 확인, 미팅 요약, 가용 시간 탐색, 데이터 분석, KPI 진단, 리포트/대시보드 작성이(가) 필요한 작업에서 Calendly 데이터나 기능을 불러오거나 결과물을 만들 때 사용합니다.",조회/검색/요약 중심. 내부 스킬 설명서가 없거나 커넥터 중심으로 동작.,없음,필요 가능성 높음,확인 필요,필요 가능성 높음; 외부 서비스 인증 또는 권한 확인 필요. 비용/플랜: 무료/유료 여부는 메타데이터만으로 단정 불가. 외부 앱/커넥터 인증이 필요할 수 있음 / 내부 스킬 설명서 없음
Productivity,Channel99,"Channel99을(를) 활용해 시장/기업/투자 분석, 재무 데이터 검토을(를) Codex에서 처리하는 플러그인입니다.","시장/기업/투자 분석, 재무 데이터 검토이(가) 필요한 작업에서 Channel99 데이터나 기능을 불러오거나 결과물을 만들 때 사용합니다.",조회/검색/요약 중심. 내부 스킬 설명서가 없거나 커넥터 중심으로 동작.,없음,필요 가능성 높음,외부 유료 플랜/API 과금 가능,필요 가능성 높음; 외부 서비스 인증 또는 권한 확인 필요. 비용/플랜: 외부 유료 플랜/API 과금 가능. 외부 앱/커넥터 인증이 필요할 수 있음 / 내부 스킬 설명서 없음
Productivity,Chrome,"Chrome을(를) 활용해 브라우저, 데스크톱 앱, 로컬 환경 조작을(를) Codex에서 처리하는 플러그인입니다.","브라우저, 데스크톱 앱, 로컬 환경 조작이(가) 필요한 작업에서 Chrome 데이터나 기능을 불러오거나 결과물을 만들 때 사용합니다.","조회/검색/요약, 상호작용/화면 조작 중심. 대표 스킬: control-chrome.",control-chrome,불필요,Codex 기능 범위 내,계정 연결 없이 로컬/번들 기능 중심으로 사용 가능. 비용/플랜: Codex 기능 범위 내. OpenAI 번들/로컬 런타임
Productivity,ClickUp,ClickUp을(를) 활용해 문서/생산성을(를) Codex에서 처리하는 플러그인입니다.,문서/생산성이(가) 필요한 작업에서 ClickUp 데이터나 기능을 불러오거나 결과물을 만들 때 사용합니다.,작업 보조 중심. 내부 스킬 설명서가 없거나 커넥터 중심으로 동작.,없음,필요 가능성 높음,확인 필요,필요 가능성 높음; 외부 서비스 인증 또는 권한 확인 필요. 비용/플랜: 무료/유료 여부는 메타데이터만으로 단정 불가. 외부 앱/커넥터 인증이 필요할 수 있음 / 내부 스킬 설명서 없음
Productivity,Common Room,"Common Room을(를) 활용해 CRM, 영업 파이프라인, 계정/리드 조사, GTM 업무, 데이터 분석, KPI 진단, 리포트/대시보드 작성을(를) Codex에서 처리하는 플러그인입니다.","CRM, 영업 파이프라인, 계정/리드 조사, GTM 업무, 데이터 분석, KPI 진단, 리포트/대시보드 작성이(가) 필요한 작업에서 Common Room 데이터나 기능을 불러오거나 결과물을 만들 때 사용합니다.",빌드/실행/배포 중심. 내부 스킬 설명서가 없거나 커넥터 중심으로 동작.,없음,필요 가능성 높음,외부 유료 플랜/API 과금 가능,필요 가능성 높음; 외부 서비스 인증 또는 권한 확인 필요. 비용/플랜: 외부 유료 플랜/API 과금 가능. 외부 앱/커넥터 인증이 필요할 수 있음 / 내부 스킬 설명서 없음
Productivity,Computer Use,"Computer Use을(를) 활용해 브라우저, 데스크톱 앱, 로컬 환경 조작, 앱/웹/게임 개발 및 실행 환경 구성을(를) Codex에서 처리하는 플러그인입니다.","브라우저, 데스크톱 앱, 로컬 환경 조작, 앱/웹/게임 개발 및 실행 환경 구성이(가) 필요한 작업에서 Computer Use 데이터나 기능을 불러오거나 결과물을 만들 때 사용합니다.","조회/검색/요약, 작성/수정/생성, 상호작용/화면 조작 중심. 대표 스킬: computer-use.",computer-use,불필요,Codex 기능 범위 내,계정 연결 없이 로컬/번들 기능 중심으로 사용 가능. 비용/플랜: Codex 기능 범위 내. OpenAI 번들/로컬 런타임
Productivity,Conductor,"Conductor을(를) 활용해 데이터 분석, KPI 진단, 리포트/대시보드 작성을(를) Codex에서 처리하는 플러그인입니다.","데이터 분석, KPI 진단, 리포트/대시보드 작성이(가) 필요한 작업에서 Conductor 데이터나 기능을 불러오거나 결과물을 만들 때 사용합니다.",작업 보조 중심. 내부 스킬 설명서가 없거나 커넥터 중심으로 동작.,없음,필요 가능성 높음,확인 필요,필요 가능성 높음; 외부 서비스 인증 또는 권한 확인 필요. 비용/플랜: 무료/유료 여부는 메타데이터만으로 단정 불가. 외부 앱/커넥터 인증이 필요할 수 있음 / 내부 스킬 설명서 없음
Productivity,Coveo,Coveo을(를) 활용해 문서/생산성을(를) Codex에서 처리하는 플러그인입니다.,문서/생산성이(가) 필요한 작업에서 Coveo 데이터나 기능을 불러오거나 결과물을 만들 때 사용합니다.,조회/검색/요약 중심. 내부 스킬 설명서가 없거나 커넥터 중심으로 동작.,없음,필요 가능성 높음,확인 필요,필요 가능성 높음; 외부 서비스 인증 또는 권한 확인 필요. 비용/플랜: 무료/유료 여부는 메타데이터만으로 단정 불가. 외부 앱/커넥터 인증이 필요할 수 있음 / 내부 스킬 설명서 없음
Productivity,Datasite,"Datasite을(를) 활용해 CRM, 영업 파이프라인, 계정/리드 조사, GTM 업무, 문서, 표, 발표자료, 파일 기반 작업을(를) Codex에서 처리하는 플러그인입니다.","CRM, 영업 파이프라인, 계정/리드 조사, GTM 업무, 문서, 표, 발표자료, 파일 기반 작업이(가) 필요한 작업에서 Datasite 데이터나 기능을 불러오거나 결과물을 만들 때 사용합니다.",조회/검색/요약 중심. 내부 스킬 설명서가 없거나 커넥터 중심으로 동작.,없음,필요 가능성 높음,확인 필요,필요 가능성 높음; 외부 서비스 인증 또는 권한 확인 필요. 비용/플랜: 무료/유료 여부는 메타데이터만으로 단정 불가. 외부 앱/커넥터 인증이 필요할 수 있음 / 내부 스킬 설명서 없음
Productivity,Docket,"Docket을(를) 활용해 CRM, 영업 파이프라인, 계정/리드 조사, GTM 업무을(를) Codex에서 처리하는 플러그인입니다.","CRM, 영업 파이프라인, 계정/리드 조사, GTM 업무이(가) 필요한 작업에서 Docket 데이터나 기능을 불러오거나 결과물을 만들 때 사용합니다.",작업 보조 중심. 내부 스킬 설명서가 없거나 커넥터 중심으로 동작.,없음,필요 가능성 높음,확인 필요,필요 가능성 높음; 외부 서비스 인증 또는 권한 확인 필요. 비용/플랜: 무료/유료 여부는 메타데이터만으로 단정 불가. 외부 앱/커넥터 인증이 필요할 수 있음 / 내부 스킬 설명서 없음
Productivity,Documents,"Documents을(를) 활용해 문서, 표, 발표자료, 파일 기반 작업을(를) Codex에서 처리하는 플러그인입니다.","문서, 표, 발표자료, 파일 기반 작업이(가) 필요한 작업에서 Documents 데이터나 기능을 불러오거나 결과물을 만들 때 사용합니다.","작성/수정/생성, 상호작용/화면 조작 중심. 대표 스킬: documents.",documents,불필요,Codex 기능 범위 내,계정 연결 없이 로컬/번들 기능 중심으로 사용 가능. 비용/플랜: Codex 기능 범위 내. OpenAI 번들/로컬 런타임
Productivity,Docusign,"Docusign을(를) 활용해 코드 저장소, 배포, 데이터베이스, 개발 워크플로을(를) Codex에서 처리하는 플러그인입니다.","코드 저장소, 배포, 데이터베이스, 개발 워크플로이(가) 필요한 작업에서 Docusign 데이터나 기능을 불러오거나 결과물을 만들 때 사용합니다.",조회/검색/요약 중심. 내부 스킬 설명서가 없거나 커넥터 중심으로 동작.,없음,필요 가능성 높음,확인 필요,필요 가능성 높음; 외부 서비스 인증 또는 권한 확인 필요. 비용/플랜: 무료/유료 여부는 메타데이터만으로 단정 불가. 외부 앱/커넥터 인증이 필요할 수 있음 / 내부 스킬 설명서 없음
Productivity,Domotz (Preview),Domotz (Preview)을(를) 활용해 문서/생산성을(를) Codex에서 처리하는 플러그인입니다.,문서/생산성이(가) 필요한 작업에서 Domotz (Preview) 데이터나 기능을 불러오거나 결과물을 만들 때 사용합니다.,"조회/검색/요약, 작성/수정/생성 중심. 내부 스킬 설명서가 없거나 커넥터 중심으로 동작.",없음,필요 가능성 높음,확인 필요,필요 가능성 높음; 외부 서비스 인증 또는 권한 확인 필요. 비용/플랜: 무료/유료 여부는 메타데이터만으로 단정 불가. 외부 앱/커넥터 인증이 필요할 수 있음 / 내부 스킬 설명서 없음
Productivity,Dovetail ,"Dovetail 을(를) 활용해 코드 저장소, 배포, 데이터베이스, 개발 워크플로을(를) Codex에서 처리하는 플러그인입니다.","코드 저장소, 배포, 데이터베이스, 개발 워크플로이(가) 필요한 작업에서 Dovetail  데이터나 기능을 불러오거나 결과물을 만들 때 사용합니다.",작업 보조 중심. 내부 스킬 설명서가 없거나 커넥터 중심으로 동작.,없음,필요 가능성 높음,확인 필요,필요 가능성 높음; 외부 서비스 인증 또는 권한 확인 필요. 비용/플랜: 무료/유료 여부는 메타데이터만으로 단정 불가. 외부 앱/커넥터 인증이 필요할 수 있음 / 내부 스킬 설명서 없음
Productivity,Egnyte,"Egnyte을(를) 활용해 문서, 표, 발표자료, 파일 기반 작업을(를) Codex에서 처리하는 플러그인입니다.","문서, 표, 발표자료, 파일 기반 작업이(가) 필요한 작업에서 Egnyte 데이터나 기능을 불러오거나 결과물을 만들 때 사용합니다.",작업 보조 중심. 내부 스킬 설명서가 없거나 커넥터 중심으로 동작.,없음,필요 가능성 높음,확인 필요,필요 가능성 높음; 외부 서비스 인증 또는 권한 확인 필요. 비용/플랜: 무료/유료 여부는 메타데이터만으로 단정 불가. 외부 앱/커넥터 인증이 필요할 수 있음 / 내부 스킬 설명서 없음
Productivity,Google Calendar,"Google Calendar을(를) 활용해 일정 확인, 미팅 요약, 가용 시간 탐색, 데이터 분석, KPI 진단, 리포트/대시보드 작성을(를) Codex에서 처리하는 플러그인입니다.","일정 확인, 미팅 요약, 가용 시간 탐색, 데이터 분석, KPI 진단, 리포트/대시보드 작성이(가) 필요한 작업에서 Google Calendar 데이터나 기능을 불러오거나 결과물을 만들 때 사용합니다.","조회/검색/요약, 작성/수정/생성, 상호작용/화면 조작 중심. 대표 스킬: google-calendar, google-calendar-daily-brief, google-calendar-free-up-time, google-calendar-group-scheduler, google-calendar-meeting-prep.","google-calendar, google-calendar-daily-brief, google-calendar-free-up-time, google-calendar-group-scheduler, google-calendar-meeting-prep",필요 가능성 높음,확인 필요,필요 가능성 높음; 외부 서비스 인증 또는 권한 확인 필요. 비용/플랜: 무료/유료 여부는 메타데이터만으로 단정 불가. 외부 앱/커넥터 인증이 필요할 수 있음
Productivity,Google Drive,"Google Drive을(를) 활용해 문서, 표, 발표자료, 파일 기반 작업을(를) Codex에서 처리하는 플러그인입니다.","문서, 표, 발표자료, 파일 기반 작업이(가) 필요한 작업에서 Google Drive 데이터나 기능을 불러오거나 결과물을 만들 때 사용합니다.","조회/검색/요약, 작성/수정/생성, 상호작용/화면 조작 중심. 대표 스킬: google-docs, google-drive, google-drive-comments, google-sheets, google-slides.","google-docs, google-drive, google-drive-comments, google-sheets, google-slides",필요 가능성 높음,확인 필요,필요 가능성 높음; 외부 서비스 인증 또는 권한 확인 필요. 비용/플랜: 무료/유료 여부는 메타데이터만으로 단정 불가. 외부 앱/커넥터 인증이 필요할 수 있음
Productivity,Happenstance,"Happenstance을(를) 활용해 CRM, 영업 파이프라인, 계정/리드 조사, GTM 업무, 앱/웹/게임 개발 및 실행 환경 구성을(를) Codex에서 처리하는 플러그인입니다.","CRM, 영업 파이프라인, 계정/리드 조사, GTM 업무, 앱/웹/게임 개발 및 실행 환경 구성이(가) 필요한 작업에서 Happenstance 데이터나 기능을 불러오거나 결과물을 만들 때 사용합니다.",조회/검색/요약 중심. 내부 스킬 설명서가 없거나 커넥터 중심으로 동작.,없음,필요 가능성 높음,외부 유료 플랜/API 과금 가능,필요 가능성 높음; 외부 서비스 인증 또는 권한 확인 필요. 비용/플랜: 외부 유료 플랜/API 과금 가능. 외부 앱/커넥터 인증이 필요할 수 있음 / 내부 스킬 설명서 없음
Productivity,Help Scout,"Help Scout을(를) 활용해 메일 검색, 답장 초안 작성, 수신함 정리을(를) Codex에서 처리하는 플러그인입니다.","메일 검색, 답장 초안 작성, 수신함 정리이(가) 필요한 작업에서 Help Scout 데이터나 기능을 불러오거나 결과물을 만들 때 사용합니다.",조회/검색/요약 중심. 내부 스킬 설명서가 없거나 커넥터 중심으로 동작.,없음,필요 가능성 높음,확인 필요,필요 가능성 높음; 외부 서비스 인증 또는 권한 확인 필요. 비용/플랜: 무료/유료 여부는 메타데이터만으로 단정 불가. 외부 앱/커넥터 인증이 필요할 수 있음 / 내부 스킬 설명서 없음
Productivity,HG Insights,"HG Insights을(를) 활용해 CRM, 영업 파이프라인, 계정/리드 조사, GTM 업무을(를) Codex에서 처리하는 플러그인입니다.","CRM, 영업 파이프라인, 계정/리드 조사, GTM 업무이(가) 필요한 작업에서 HG Insights 데이터나 기능을 불러오거나 결과물을 만들 때 사용합니다.",조회/검색/요약 중심. 내부 스킬 설명서가 없거나 커넥터 중심으로 동작.,없음,필요 가능성 높음,확인 필요,필요 가능성 높음; 외부 서비스 인증 또는 권한 확인 필요. 비용/플랜: 무료/유료 여부는 메타데이터만으로 단정 불가. 외부 앱/커넥터 인증이 필요할 수 있음 / 내부 스킬 설명서 없음
Productivity,HighLevel,"HighLevel을(를) 활용해 CRM, 영업 파이프라인, 계정/리드 조사, GTM 업무, 코드 저장소, 배포, 데이터베이스, 개발 워크플로을(를) Codex에서 처리하는 플러그인입니다.","CRM, 영업 파이프라인, 계정/리드 조사, GTM 업무, 코드 저장소, 배포, 데이터베이스, 개발 워크플로이(가) 필요한 작업에서 HighLevel 데이터나 기능을 불러오거나 결과물을 만들 때 사용합니다.",작업 보조 중심. 내부 스킬 설명서가 없거나 커넥터 중심으로 동작.,없음,필요 가능성 높음,확인 필요,필요 가능성 높음; 외부 서비스 인증 또는 권한 확인 필요. 비용/플랜: 무료/유료 여부는 메타데이터만으로 단정 불가. 외부 앱/커넥터 인증이 필요할 수 있음 / 내부 스킬 설명서 없음
Productivity,Jam,"Jam을(를) 활용해 데이터 분석, KPI 진단, 리포트/대시보드 작성을(를) Codex에서 처리하는 플러그인입니다.","데이터 분석, KPI 진단, 리포트/대시보드 작성이(가) 필요한 작업에서 Jam 데이터나 기능을 불러오거나 결과물을 만들 때 사용합니다.",시각화/보고서화 중심. 내부 스킬 설명서가 없거나 커넥터 중심으로 동작.,없음,필요 가능성 높음,확인 필요,필요 가능성 높음; 외부 서비스 인증 또는 권한 확인 필요. 비용/플랜: 무료/유료 여부는 메타데이터만으로 단정 불가. 외부 앱/커넥터 인증이 필요할 수 있음 / 내부 스킬 설명서 없음
Productivity,Linear,"Linear을(를) 활용해 코드 저장소, 배포, 데이터베이스, 개발 워크플로을(를) Codex에서 처리하는 플러그인입니다.","코드 저장소, 배포, 데이터베이스, 개발 워크플로이(가) 필요한 작업에서 Linear 데이터나 기능을 불러오거나 결과물을 만들 때 사용합니다.",작성/수정/생성 중심. 대표 스킬: linear.,linear,필요 가능성 높음,확인 필요,필요 가능성 높음; 외부 서비스 인증 또는 권한 확인 필요. 비용/플랜: 무료/유료 여부는 메타데이터만으로 단정 불가. 외부 앱/커넥터 인증이 필요할 수 있음
Productivity,Mem,Mem을(를) 활용해 문서/생산성을(를) Codex에서 처리하는 플러그인입니다.,문서/생산성이(가) 필요한 작업에서 Mem 데이터나 기능을 불러오거나 결과물을 만들 때 사용합니다.,작업 보조 중심. 내부 스킬 설명서가 없거나 커넥터 중심으로 동작.,없음,필요 가능성 높음,외부 유료 플랜/API 과금 가능,필요 가능성 높음; 외부 서비스 인증 또는 권한 확인 필요. 비용/플랜: 외부 유료 플랜/API 과금 가능. 외부 앱/커넥터 인증이 필요할 수 있음 / 내부 스킬 설명서 없음
Productivity,Meticulate,"Meticulate을(를) 활용해 CRM, 영업 파이프라인, 계정/리드 조사, GTM 업무, 시장/기업/투자 분석, 재무 데이터 검토을(를) Codex에서 처리하는 플러그인입니다.","CRM, 영업 파이프라인, 계정/리드 조사, GTM 업무, 시장/기업/투자 분석, 재무 데이터 검토이(가) 필요한 작업에서 Meticulate 데이터나 기능을 불러오거나 결과물을 만들 때 사용합니다.",조회/검색/요약 중심. 내부 스킬 설명서가 없거나 커넥터 중심으로 동작.,없음,필요 가능성 높음,확인 필요,필요 가능성 높음; 외부 서비스 인증 또는 권한 확인 필요. 비용/플랜: 무료/유료 여부는 메타데이터만으로 단정 불가. 외부 앱/커넥터 인증이 필요할 수 있음 / 내부 스킬 설명서 없음
Productivity,Monday.com,"Monday.com을(를) 활용해 시장/기업/투자 분석, 재무 데이터 검토을(를) Codex에서 처리하는 플러그인입니다.","시장/기업/투자 분석, 재무 데이터 검토이(가) 필요한 작업에서 Monday.com 데이터나 기능을 불러오거나 결과물을 만들 때 사용합니다.",작업 보조 중심. 내부 스킬 설명서가 없거나 커넥터 중심으로 동작.,없음,필요 가능성 높음,확인 필요,필요 가능성 높음; 외부 서비스 인증 또는 권한 확인 필요. 비용/플랜: 무료/유료 여부는 메타데이터만으로 단정 불가. 외부 앱/커넥터 인증이 필요할 수 있음 / 내부 스킬 설명서 없음
Productivity,Network Solutions,"Network Solutions을(를) 활용해 코드 저장소, 배포, 데이터베이스, 개발 워크플로을(를) Codex에서 처리하는 플러그인입니다.","코드 저장소, 배포, 데이터베이스, 개발 워크플로이(가) 필요한 작업에서 Network Solutions 데이터나 기능을 불러오거나 결과물을 만들 때 사용합니다.",조회/검색/요약 중심. 내부 스킬 설명서가 없거나 커넥터 중심으로 동작.,없음,필요 가능성 높음,확인 필요,필요 가능성 높음; 외부 서비스 인증 또는 권한 확인 필요. 비용/플랜: 무료/유료 여부는 메타데이터만으로 단정 불가. 외부 앱/커넥터 인증이 필요할 수 있음 / 내부 스킬 설명서 없음
Productivity,Notion,"Notion을(를) 활용해 일정 확인, 미팅 요약, 가용 시간 탐색, 문서, 표, 발표자료, 파일 기반 작업을(를) Codex에서 처리하는 플러그인입니다.","일정 확인, 미팅 요약, 가용 시간 탐색, 문서, 표, 발표자료, 파일 기반 작업이(가) 필요한 작업에서 Notion 데이터나 기능을 불러오거나 결과물을 만들 때 사용합니다.","조회/검색/요약, 작성/수정/생성, 상호작용/화면 조작 중심. 대표 스킬: notion-knowledge-capture, notion-meeting-intelligence, notion-research-documentation, notion-spec-to-implementation.","notion-knowledge-capture, notion-meeting-intelligence, notion-research-documentation, notion-spec-to-implementation",필요 가능성 높음,확인 필요,필요 가능성 높음; 외부 서비스 인증 또는 권한 확인 필요. 비용/플랜: 무료/유료 여부는 메타데이터만으로 단정 불가. 외부 앱/커넥터 인증이 필요할 수 있음
Productivity,Outlook Calendar,"Outlook Calendar을(를) 활용해 메일 검색, 답장 초안 작성, 수신함 정리, 일정 확인, 미팅 요약, 가용 시간 탐색을(를) Codex에서 처리하는 플러그인입니다.","메일 검색, 답장 초안 작성, 수신함 정리, 일정 확인, 미팅 요약, 가용 시간 탐색이(가) 필요한 작업에서 Outlook Calendar 데이터나 기능을 불러오거나 결과물을 만들 때 사용합니다.","작성/수정/생성, 상호작용/화면 조작 중심. 대표 스킬: outlook-calendar, outlook-calendar-daily-brief, outlook-calendar-free-up-time, outlook-calendar-group-scheduler, outlook-calendar-meeting-prep.","outlook-calendar, outlook-calendar-daily-brief, outlook-calendar-free-up-time, outlook-calendar-group-scheduler, outlook-calendar-meeting-prep",필요 가능성 높음,확인 필요,필요 가능성 높음; 외부 서비스 인증 또는 권한 확인 필요. 비용/플랜: 무료/유료 여부는 메타데이터만으로 단정 불가. 외부 앱/커넥터 인증이 필요할 수 있음
Productivity,PDF,"PDF을(를) 활용해 문서, 표, 발표자료, 파일 기반 작업, 데이터 분석, KPI 진단, 리포트/대시보드 작성을(를) Codex에서 처리하는 플러그인입니다.","문서, 표, 발표자료, 파일 기반 작업, 데이터 분석, KPI 진단, 리포트/대시보드 작성이(가) 필요한 작업에서 PDF 데이터나 기능을 불러오거나 결과물을 만들 때 사용합니다.","조회/검색/요약, 작성/수정/생성, 상호작용/화면 조작, 시각화/보고서화 중심. 대표 스킬: pdf.",pdf,불필요,Codex 기능 범위 내,계정 연결 없이 로컬/번들 기능 중심으로 사용 가능. 비용/플랜: Codex 기능 범위 내. OpenAI 번들/로컬 런타임
Productivity,Presentations,"Presentations을(를) 활용해 문서, 표, 발표자료, 파일 기반 작업을(를) Codex에서 처리하는 플러그인입니다.","문서, 표, 발표자료, 파일 기반 작업이(가) 필요한 작업에서 Presentations 데이터나 기능을 불러오거나 결과물을 만들 때 사용합니다.","작성/수정/생성, 상호작용/화면 조작 중심. 대표 스킬: Presentations.",Presentations,불필요,Codex 기능 범위 내,계정 연결 없이 로컬/번들 기능 중심으로 사용 가능. 비용/플랜: Codex 기능 범위 내. OpenAI 번들/로컬 런타임
Productivity,Pylon,"Pylon을(를) 활용해 코드 저장소, 배포, 데이터베이스, 개발 워크플로을(를) Codex에서 처리하는 플러그인입니다.","코드 저장소, 배포, 데이터베이스, 개발 워크플로이(가) 필요한 작업에서 Pylon 데이터나 기능을 불러오거나 결과물을 만들 때 사용합니다.","조회/검색/요약, 작성/수정/생성 중심. 내부 스킬 설명서가 없거나 커넥터 중심으로 동작.",없음,필요 가능성 높음,외부 유료 플랜/API 과금 가능,필요 가능성 높음; 외부 서비스 인증 또는 권한 확인 필요. 비용/플랜: 외부 유료 플랜/API 과금 가능. 외부 앱/커넥터 인증이 필요할 수 있음 / 내부 스킬 설명서 없음
Productivity,Ranked AI,"Ranked AI을(를) 활용해 CRM, 영업 파이프라인, 계정/리드 조사, GTM 업무을(를) Codex에서 처리하는 플러그인입니다.","CRM, 영업 파이프라인, 계정/리드 조사, GTM 업무이(가) 필요한 작업에서 Ranked AI 데이터나 기능을 불러오거나 결과물을 만들 때 사용합니다.",작성/수정/생성 중심. 내부 스킬 설명서가 없거나 커넥터 중심으로 동작.,없음,필요 가능성 높음,확인 필요,필요 가능성 높음; 외부 서비스 인증 또는 권한 확인 필요. 비용/플랜: 무료/유료 여부는 메타데이터만으로 단정 불가. 외부 앱/커넥터 인증이 필요할 수 있음 / 내부 스킬 설명서 없음
Productivity,Responsive,Responsive을(를) 활용해 앱/웹/게임 개발 및 실행 환경 구성을(를) Codex에서 처리하는 플러그인입니다.,앱/웹/게임 개발 및 실행 환경 구성이(가) 필요한 작업에서 Responsive 데이터나 기능을 불러오거나 결과물을 만들 때 사용합니다.,작업 보조 중심. 내부 스킬 설명서가 없거나 커넥터 중심으로 동작.,없음,필요 가능성 높음,확인 필요,필요 가능성 높음; 외부 서비스 인증 또는 권한 확인 필요. 비용/플랜: 무료/유료 여부는 메타데이터만으로 단정 불가. 외부 앱/커넥터 인증이 필요할 수 있음 / 내부 스킬 설명서 없음
Productivity,Rox,"Rox을(를) 활용해 CRM, 영업 파이프라인, 계정/리드 조사, GTM 업무을(를) Codex에서 처리하는 플러그인입니다.","CRM, 영업 파이프라인, 계정/리드 조사, GTM 업무이(가) 필요한 작업에서 Rox 데이터나 기능을 불러오거나 결과물을 만들 때 사용합니다.",조회/검색/요약 중심. 내부 스킬 설명서가 없거나 커넥터 중심으로 동작.,없음,필요 가능성 높음,확인 필요,필요 가능성 높음; 외부 서비스 인증 또는 권한 확인 필요. 비용/플랜: 무료/유료 여부는 메타데이터만으로 단정 불가. 외부 앱/커넥터 인증이 필요할 수 있음 / 내부 스킬 설명서 없음
Productivity,Semrush,"Semrush을(를) 활용해 문서, 표, 발표자료, 파일 기반 작업을(를) Codex에서 처리하는 플러그인입니다.","문서, 표, 발표자료, 파일 기반 작업이(가) 필요한 작업에서 Semrush 데이터나 기능을 불러오거나 결과물을 만들 때 사용합니다.",조회/검색/요약 중심. 내부 스킬 설명서가 없거나 커넥터 중심으로 동작.,없음,필요 가능성 높음,확인 필요,필요 가능성 높음; 외부 서비스 인증 또는 권한 확인 필요. 비용/플랜: 무료/유료 여부는 메타데이터만으로 단정 불가. 외부 앱/커넥터 인증이 필요할 수 있음 / 내부 스킬 설명서 없음
Productivity,SharePoint,"SharePoint을(를) 활용해 문서, 표, 발표자료, 파일 기반 작업을(를) Codex에서 처리하는 플러그인입니다.","문서, 표, 발표자료, 파일 기반 작업이(가) 필요한 작업에서 SharePoint 데이터나 기능을 불러오거나 결과물을 만들 때 사용합니다.","조회/검색/요약, 작성/수정/생성, 상호작용/화면 조작 중심. 대표 스킬: sharepoint, sharepoint-powerpoint, sharepoint-shared-doc-maintenance, sharepoint-site-discovery, sharepoint-spreadsheet-formula-builder.","sharepoint, sharepoint-powerpoint, sharepoint-shared-doc-maintenance, sharepoint-site-discovery, sharepoint-spreadsheet-formula-builder",필요 가능성 높음,확인 필요,필요 가능성 높음; 외부 서비스 인증 또는 권한 확인 필요. 비용/플랜: 무료/유료 여부는 메타데이터만으로 단정 불가. 외부 앱/커넥터 인증이 필요할 수 있음
Productivity,SignNow,"SignNow을(를) 활용해 문서, 표, 발표자료, 파일 기반 작업을(를) Codex에서 처리하는 플러그인입니다.","문서, 표, 발표자료, 파일 기반 작업이(가) 필요한 작업에서 SignNow 데이터나 기능을 불러오거나 결과물을 만들 때 사용합니다.",작업 보조 중심. 내부 스킬 설명서가 없거나 커넥터 중심으로 동작.,없음,필요 가능성 높음,확인 필요,필요 가능성 높음; 외부 서비스 인증 또는 권한 확인 필요. 비용/플랜: 무료/유료 여부는 메타데이터만으로 단정 불가. 외부 앱/커넥터 인증이 필요할 수 있음 / 내부 스킬 설명서 없음
Productivity,SkyWatch,"SkyWatch을(를) 활용해 이미지, 영상, 미디어, 디자인 콘텐츠 제작을(를) Codex에서 처리하는 플러그인입니다.","이미지, 영상, 미디어, 디자인 콘텐츠 제작이(가) 필요한 작업에서 SkyWatch 데이터나 기능을 불러오거나 결과물을 만들 때 사용합니다.",조회/검색/요약 중심. 내부 스킬 설명서가 없거나 커넥터 중심으로 동작.,없음,필요 가능성 높음,외부 유료 플랜/API 과금 가능,필요 가능성 높음; 외부 서비스 인증 또는 권한 확인 필요. 비용/플랜: 외부 유료 플랜/API 과금 가능. 외부 앱/커넥터 인증이 필요할 수 있음 / 내부 스킬 설명서 없음 / 배포/클라우드 사용량 과금 가능
Productivity,Spreadsheets,"Spreadsheets을(를) 활용해 문서, 표, 발표자료, 파일 기반 작업, 코드 저장소, 배포, 데이터베이스, 개발 워크플로을(를) Codex에서 처리하는 플러그인입니다.","문서, 표, 발표자료, 파일 기반 작업, 코드 저장소, 배포, 데이터베이스, 개발 워크플로이(가) 필요한 작업에서 Spreadsheets 데이터나 기능을 불러오거나 결과물을 만들 때 사용합니다.","조회/검색/요약, 작성/수정/생성, 상호작용/화면 조작 중심. 대표 스킬: Spreadsheets.",Spreadsheets,불필요,Codex 기능 범위 내,계정 연결 없이 로컬/번들 기능 중심으로 사용 가능. 비용/플랜: Codex 기능 범위 내. OpenAI 번들/로컬 런타임
Productivity,Teamwork.com,Teamwork.com을(를) 활용해 문서/생산성을(를) Codex에서 처리하는 플러그인입니다.,문서/생산성이(가) 필요한 작업에서 Teamwork.com 데이터나 기능을 불러오거나 결과물을 만들 때 사용합니다.,조회/검색/요약 중심. 내부 스킬 설명서가 없거나 커넥터 중심으로 동작.,없음,필요 가능성 높음,확인 필요,필요 가능성 높음; 외부 서비스 인증 또는 권한 확인 필요. 비용/플랜: 무료/유료 여부는 메타데이터만으로 단정 불가. 외부 앱/커넥터 인증이 필요할 수 있음 / 내부 스킬 설명서 없음
Productivity,United Rentals,"United Rentals을(를) 활용해 일정 확인, 미팅 요약, 가용 시간 탐색, 데이터 분석, KPI 진단, 리포트/대시보드 작성을(를) Codex에서 처리하는 플러그인입니다.","일정 확인, 미팅 요약, 가용 시간 탐색, 데이터 분석, KPI 진단, 리포트/대시보드 작성이(가) 필요한 작업에서 United Rentals 데이터나 기능을 불러오거나 결과물을 만들 때 사용합니다.",작업 보조 중심. 내부 스킬 설명서가 없거나 커넥터 중심으로 동작.,없음,필요 가능성 높음,확인 필요,필요 가능성 높음; 외부 서비스 인증 또는 권한 확인 필요. 비용/플랜: 무료/유료 여부는 메타데이터만으로 단정 불가. 외부 앱/커넥터 인증이 필요할 수 있음 / 내부 스킬 설명서 없음
Productivity,Waldo,"Waldo을(를) 활용해 데이터 분석, KPI 진단, 리포트/대시보드 작성, 코드 저장소, 배포, 데이터베이스, 개발 워크플로을(를) Codex에서 처리하는 플러그인입니다.","데이터 분석, KPI 진단, 리포트/대시보드 작성, 코드 저장소, 배포, 데이터베이스, 개발 워크플로이(가) 필요한 작업에서 Waldo 데이터나 기능을 불러오거나 결과물을 만들 때 사용합니다.",빌드/실행/배포 중심. 내부 스킬 설명서가 없거나 커넥터 중심으로 동작.,없음,필요 가능성 높음,외부 유료 플랜/API 과금 가능,필요 가능성 높음; 외부 서비스 인증 또는 권한 확인 필요. 비용/플랜: 외부 유료 플랜/API 과금 가능. 외부 앱/커넥터 인증이 필요할 수 있음 / 내부 스킬 설명서 없음
Research,LaTeX,LaTeX을(를) 활용해 Research을(를) Codex에서 처리하는 플러그인입니다.,Research이(가) 필요한 작업에서 LaTeX 데이터나 기능을 불러오거나 결과물을 만들 때 사용합니다.,"조회/검색/요약, 작성/수정/생성, 상호작용/화면 조작 중심. 대표 스킬: latex-compile, latex-doctor, texlive-runtime-installer.","latex-compile, latex-doctor, texlive-runtime-installer",확인 필요,확인 필요,확인 필요; 외부 서비스 인증 또는 권한 확인 필요. 비용/플랜: 무료/유료 여부는 메타데이터만으로 단정 불가. OpenAI 번들/로컬 런타임
Security,Codex Security,"Codex Security을(를) 활용해 코드 저장소, 배포, 데이터베이스, 개발 워크플로, 보안 점검, 취약점 검토, 위험 관리을(를) Codex에서 처리하는 플러그인입니다.","코드 저장소, 배포, 데이터베이스, 개발 워크플로, 보안 점검, 취약점 검토, 위험 관리이(가) 필요한 작업에서 Codex Security 데이터나 기능을 불러오거나 결과물을 만들 때 사용합니다.","조회/검색/요약, 작성/수정/생성, 빌드/실행/배포, 상호작용/화면 조작 중심. 대표 스킬: attack-path-analysis, deep-security-scan, finding-discovery, fix-finding, security-diff-scan.","attack-path-analysis, deep-security-scan, finding-discovery, fix-finding, security-diff-scan",확인 필요,확인 필요,확인 필요; 외부 서비스 인증 또는 권한 확인 필요. 비용/플랜: 무료/유료 여부는 메타데이터만으로 단정 불가. 서비스 정책 및 권한 확인 필요
Travel,FINN,"FINN을(를) 활용해 데이터 분석, KPI 진단, 리포트/대시보드 작성, 앱/웹/게임 개발 및 실행 환경 구성을(를) Codex에서 처리하는 플러그인입니다.","데이터 분석, KPI 진단, 리포트/대시보드 작성, 앱/웹/게임 개발 및 실행 환경 구성이(가) 필요한 작업에서 FINN 데이터나 기능을 불러오거나 결과물을 만들 때 사용합니다.",작업 보조 중심. 내부 스킬 설명서가 없거나 커넥터 중심으로 동작.,없음,필요 가능성 높음,구독 필요,필요 가능성 높음; 외부 서비스 인증 또는 권한 확인 필요. 비용/플랜: 구독 필요. 외부 앱/커넥터 인증이 필요할 수 있음 / 내부 스킬 설명서 없음 / 외부 구독 조건 확인 필요
Travel,WeatherPromise,"WeatherPromise을(를) 활용해 메일 검색, 답장 초안 작성, 수신함 정리을(를) Codex에서 처리하는 플러그인입니다.","메일 검색, 답장 초안 작성, 수신함 정리이(가) 필요한 작업에서 WeatherPromise 데이터나 기능을 불러오거나 결과물을 만들 때 사용합니다.",조회/검색/요약 중심. 내부 스킬 설명서가 없거나 커넥터 중심으로 동작.,없음,필요 가능성 높음,확인 필요,필요 가능성 높음; 외부 서비스 인증 또는 권한 확인 필요. 비용/플랜: 무료/유료 여부는 메타데이터만으로 단정 불가. 외부 앱/커넥터 인증이 필요할 수 있음 / 내부 스킬 설명서 없음